1,31.91,31.91,31.91,31.91,31.91,31.91,31.34,31.91,31.91,31.91,31.91,31.91,31.91,31.91,31.91,31.91,31.91,31.91,31.91,31.91,31.91,31.91,32.48,32.48,32.48,32.48,32.48,32.48,32.48,31.91,32.48,32.48,32.48,32.48,32.48,32.48,32.48,32.48,33.06,33.06,33.06,33.06,33.06,33.06,33.06,33.06,33.06,33.63,33.06,33.06,33.06,33.63,33.06,33.06,33.06,33.63,33.06,33.63,33.63,33.06,33.06,33.63,33.63,33.63,33.63,33.63,33.63,33.63,33.63,33.63,34.21,33.63,33.63,33.63,34.21,34.21,34.21,34.21,33.63,33.63,34.21,33.63,33.63,34.21,33.63,34.21,34.21,34.21,34.21,34.21,34.21,34.21,34.21,34.21,34.21,34.21,34.21,34.78,34.78,34.78,34.21
1,35.36,35.36,35.36,35.36,35.36,35.36,34.78,34.78,35.36,35.36,35.36,35.36,35.36,35.36,35.36,35.36,35.36,35.36,35.36,35.36,35.36,35.36,35.36,35.36,35.36,35.36,35.36,35.36,35.36,35.36,35.93,35.36,35.36,35.93,35.36,35.36,35.93,35.36,35.93,35.93,35.93,35.93,35.36,36.5,35.93,35.93,35.93,35.36,35.93,35.93,35.93,35.93,35.36,35.93,35.93,35.93,35.93,35.36,35.93,35.93,35.93,35.36,35.93,36.5,35.93,35.93,36.5,35.93,35.93,36.5,35.93,35.93,35.93,35.93,35.93,35.93,36.5,35.93,36.5,35.93,36.5,36.5,35.93,36.5,35.93,36.5,35.93,35.93,36.5,36.5,35.93,36.5,36.5,36.5,35.93,36.5,36.5,36.5,36.5,35.93,35.93
1,36.5,36.5,36.5,36.5,36.5,36.5,36.5,36.5,36.5,36.5,36.5,36.5,36.5,36.5,36.5,36.5,36.5,36.5,36.5,36.5,37.08,36.5,36.5,36.5,36.5,36.5,36.5,36.5,36.5,37.08,36.5,36.5,36.5,37.08,36.5,36.5,37.08,37.08,36.5,36.5,36.5,37.08,37.08,37.08,37.08,36.5,36.5,37.08,37.08,37.08,37.08,37.08,37.08,37.08,36.5,37.08,37.08,37.08,37.08,37.08,37.08,37.08,37.08,37.08,37.08,37.08,37.08,37.08,37.08,36.5,36.5,37.08,37.08,37.08,37.08,37.08,36.5,37.08,37.08,37.08,37.08,37.08,37.08,37.08,37.08,37.65,37.65,37.08,37.08,37.08,37.65,37.08,37.08,37.08,37.08,37.08,37.08,37.08,37.08,37.08,37.08
1,37.08,37.65,37.65,37.65,37.65,37.08,37.08,37.08,37.08,37.08,37.08,37.08,37.08,37.08,37.08,37.08,37.65,37.08,37.08,37.65,37.65,37.08,37.65,37.08,37.65,37.65,37.08,37.08,37.08,37.08,37.65,37.08,37.65,37.65,37.65,37.65,37.65,37.65,37.65,37.65,37.65,37.65,37.08,37.08,37.65,37.65,37.65,37.65,37.08,37.08,37.08,37.08,37.65,37.08,37.65,37.65,37.65,37.65,37.08,37.65,37.65,37.08,37.65,37.08,37.08,37.65,37.65,37.08,37.65,37.65,37.08,37.65,37.65,37.65,37.65,37.08,37.65,37.08,37.65,37.65,37.65,37.65,37.08,37.08,37.65,37.65,37.65,37.65,37.65,37.65,37.65,37.65,37.65,37.65,37.65,37.65,37.65,37.65,37.65,37.65,37.65
1,37.65,37.65,37.65,38.23,38.23,37.65,37.65,38.23,37.65,37.65,38.23,37.65,37.65,38.23,38.23,37.65,37.65,37.65,37.65,37.65,38.23,37.65,38.23,37.65,38.23,38.23,37.65,37.65,37.65,37.65,37.65,38.23,37.65,37.65,37.65,37.65,37.65,37.65,37.65,37.65,37.65,37.65,37.65,37.65,37.65,37.65,38.23,38.23,37.65,37.65,38.23,37.65,37.65,37.65,38.23,37.65,37.65,37.65,37.65,37.65,37.65,37.65,37.65,38.23,37.65,37.65,37.65,37.65,37.65,37.65,37.65,37.65,37.65,37.65,37.65,38.23,37.65,37.65,37.65,38.23,37.65,37.65,37.65,37.65,37.65,37.65,38.23,37.65,37.65,37.65,37.65,38.23,37.65,38.23,37.65,38.23,37.65,37.65,38.23,37.65,37.65
1,38.23,37.65,37.65,38.23,38.23,38.23,38.23,38.23,37.65,37.65,37.65,38.23,38.23,37.65,38.23,37.65,38.23,37.65,37.65,37.65,37.65,37.65,38.23,38.23,38.23,37.65,38.23,37.65,37.65,38.23,37.65,37.65,38.23,37.65,37.65,38.23,38.23,37.65,37.65,38.23,37.65,37.65,37.65,37.65,38.23,38.23,38.23,38.23,38.23,38.23,38.23,38.23,38.23,37.65,37.65,38.23,38.23,37.65,38.23,38.23,37.65,37.65,38.23,37.65,37.65,38.23,37.65,37.65,37.65,37.65,38.23,38.23,38.23,37.65,38.23,38.23,37.65,37.65,38.23,38.23,37.65,37.65,38.23,37.65,38.23,37.65,37.65,37.65,38.23,37.65,37.65,37.65,38.23,38.23,38.23,38.23,37.65,38.23,38.23,38.23,38.23
1,37.65,38.23,37.65,38.23,37.65,38.23,37.65,37.65,38.23,38.23,37.65,37.65,37.65,37.65,37.65,38.23,37.65,37.65,37.65,37.65,37.65,37.65,37.65,37.65,37.65,38.23,38.23,37.65,37.65,37.65,37.65,38.23,37.65,37.65,38.23,37.65,38.23,37.65,37.65,37.65,37.65,37.65,37.65,38.23,37.65,38.23,38.23,38.23,37.65,38.23,38.23,38.23,37.65,38.23,38.23,38.23,38.23,38.23,38.23,37.65,37.65,37.65,37.65,37.65,37.65,38.23,38.23,38.23,37.65,38.23,38.23,37.65,38.23,38.23,37.65,38.23,38.23,38.23,38.23,38.23,37.65,38.23,38.23,37.65,38.23,38.23,38.23,38.23,37.65,37.65,37.65,38.23,37.65,37.65,38.23,37.65,38.23,38.23,38.23,38.23,37.65
1,38.23,38.23,38.23,38.23,38.23,38.23,38.23,37.65,38.23,38.23,38.23,38.23,38.23,38.23,38.23,38.23,38.23,38.23,38.23,38.23,38.23,38.23,37.65,38.23,38.23,38.23,38.23,38.23,38.23,38.23,38.23,38.23,38.23,38.23,38.23,38.23,38.23,38.23,38.23,38.23,38.23,38.23,38.23,38.23,38.23,38.23,38.23,38.23,38.23,38.23,38.23,38.23,38.23,38.23,38.23,38.23,38.23,38.23,38.23,38.23,38.23,38.23,38.23,38.23,38.23,38.8,38.23,38.23,38.23,38.23,38.23,38.23,38.23,38.8,38.8,38.23,38.23,38.8,38.23,38.23,38.23,38.23,38.23,38.23,38.23,38.23,38.23,38.8,38.23,38.23,37.65,38.23,38.23,38.23,37.65,38.23,38.23,37.65,38.23,38.23,38.23
1,38.23,38.8,38.23,38.23,38.23,38.23,38.23,38.23,38.23,38.23,38.23,38.23,37.65,38.23,38.23,37.65,37.65,38.23,38.23,38.23,38.23,38.23,38.23,38.23,38.23,38.23,37.65,38.23,38.23,38.23,38.23,38.23,38.23,38.23,38.23,38.23,38.23,38.23,38.23,38.23,38.23,38.23,37.65,38.23,38.23,38.8,38.23,38.23,38.23,38.23,38.23,38.23,38.23,38.23,38.23,38.23,38.23,38.23,38.23,38.23,38.23,38.23,38.23,38.23,38.23,38.23,38.23,38.23,38.23,37.65,38.23,37.65,38.23,38.23,38.23,38.23,38.23,38.23,38.23,38.23,38.23,38.23,38.23,38.23,37.65,38.23,38.23,38.23,38.23,37.65,38.23,38.23,38.23,38.23,38.23,38.23,38.23,37.65,38.23,37.65,38.23
1,38.23,38.23,37.65,38.23,38.23,38.23,38.23,38.23,38.8,38.23,38.23,38.23,38.23,37.65,38.23,38.23,38.23,38.23,38.23,38.23,38.8,38.23,38.23,38.23,38.23,38.8,38.23,38.23,38.23,38.23,38.23,38.23,38.23,38.23,38.23,38.23,37.65,38.23,38.23,38.23,38.23,38.23,38.23,38.23,38.23,38.23,38.23,38.23,38.23,38.23,38.23,38.23,38.23,38.23,38.8,38.23,38.23,38.23,38.8,38.23,38.23,38.23,38.8,38.8,38.23,38.23,38.23,38.23,38.23,38.23,38.23,38.23,38.8,38.23,38.8,38.23,38.8,38.23,38.23,38.23,38.23,38.23,38.8,38.8,38.23,38.23,38.8,38.8,38.23,38.23,38.8,38.8,38.8,38.8,38.8,38.23,38.8,38.23,38.23,38.23,38.23
1,32.48,32.48,32.48,32.48,32.48,32.48,33.06,32.48,32.48,32.48,32.48,33.06,32.48,33.06,33.06,33.06,33.06,33.06,33.06,32.48,33.06,32.48,33.06,33.06,33.06,33.06,32.48,33.06,33.06,33.06,33.06,33.06,33.06,33.06,33.06,33.06,33.06,33.06,33.63,33.06,33.06,33.06,33.63,33.63,33.63,33.63,33.63,33.63,33.63,33.63,33.63,33.06,33.63,33.63,33.63,33.63,33.63,34.21,34.21,34.21,34.21,34.21,34.21,34.21,34.21,34.21,34.21,34.21,34.21,34.21,34.21,34.21,34.21,34.21,34.21,34.78,34.21,34.21,34.78,34.21,34.78,34.78,34.78,34.21,34.78,34.78,34.21,34.78,34.78,34.78,34.78,34.78,34.78,34.78,34.78,34.78,34.78,34.78,34.78,34.78,34.78
1,35.93,35.93,35.93,35.36,35.93,35.36,35.36,35.36,35.36,35.36,35.36,35.36,35.36,35.36,35.93,35.36,35.93,35.93,35.36,35.93,35.36,35.93,35.36,35.36,35.36,35.36,35.36,35.93,35.36,35.93,35.36,35.36,35.36,35.36,35.93,35.93,35.93,35.36,35.93,35.93,35.93,35.93,35.93,35.93,35.93,35.93,35.93,35.36,35.93,36.5,36.5,36.5,35.93,35.93,36.5,36.5,36.5,36.5,36.5,36.5,36.5,35.93,35.93,36.5,36.5,36.5,36.5,36.5,36.5,36.5,36.5,36.5,36.5,36.5,36.5,36.5,36.5,35.93,36.5,36.5,36.5,36.5,36.5,36.5,36.5,36.5,36.5,36.5,36.5,36.5,36.5,36.5,36.5,36.5,36.5,36.5,36.5,36.5,36.5,36.5,36.5
1,36.5,36.5,37.08,37.08,36.5,36.5,36.5,36.5,36.5,37.08,37.08,37.08,36.5,36.5,36.5,36.5,36.5,37.08,37.08,37.08,36.5,37.08,37.08,37.08,37.08,37.08,36.5,37.08,37.08,36.5,36.5,37.08,37.08,36.5,37.08,37.08,36.5,36.5,36.5,37.08,36.5,37.08,37.08,36.5,37.08,37.08,37.08,37.08,37.08,37.08,37.08,37.08,37.08,37.08,37.65,37.08,37.08,37.08,37.08,37.08,37.08,37.08,37.08,37.08,37.65,37.08,37.08,37.08,37.08,37.65,37.08,37.08,37.08,37.08,37.08,37.08,37.08,37.08,37.08,37.65,37.08,37.08,37.08,37.08,37.08,37.08,37.65,37.65,37.08,37.08,37.08,37.08,37.08,37.65,37.08,37.08,37.08,37.08,37.08,37.08,37.65
1,37.65,37.65,37.65,37.65,37.65,37.65,37.08,37.65,37.65,37.08,37.08,37.65,37.65,37.65,37.65,37.08,37.65,37.65,37.65,37.65,37.65,37.65,37.65,37.65,37.65,37.65,37.65,37.65,37.65,37.65,37.65,37.65,37.65,37.08,37.65,37.65,37.65,37.65,37.65,37.65,37.65,37.65,37.65,37.65,37.65,37.65,37.65,37.65,37.65,37.65,37.65,37.65,37.65,37.65,37.65,37.65,37.08,37.65,37.65,37.65,37.65,37.65,37.65,37.65,37.65,37.65,37.65,37.65,37.65,37.65,37.65,37.65,37.65,37.65,37.65,37.65,37.65,37.65,37.65,37.65,38.23,37.65,37.65,37.65,37.65,37.65,37.65,37.65,37.65,37.65,37.65,37.65,37.65,37.65,37.65,37.65,37.65,37.65,37.65,37.65,37.65
1,37.65,37.65,37.65,37.65,37.65,37.65,37.65,37.65,37.65,37.65,37.65,37.65,37.65,37.65,37.65,37.65,37.65,37.65,37.65,37.65,37.65,37.65,37.65,37.65,37.65,37.65,37.65,37.65,37.65,37.65,37.65,37.65,37.65,37.65,37.65,37.65,37.65,37.65,38.23,37.65,38.23,37.65,38.23,37.65,37.65,37.65,37.65,37.65,37.08,37.65,37.65,37.65,37.65,37.65,37.65,37.65,37.65,37.65,37.65,37.65,37.65,37.65,37.65,38.23,38.23,37.65,37.65,38.23,37.65,37.65,37.65,37.65,37.65,37.65,37.65,37.65,37.65,38.23,37.65,37.65,37.65,37.65,37.65,37.65,37.65,37.65,37.65,37.65,37.65,37.65,37.65,37.65,37.65,37.65,37.65,37.65,37.65,37.65,38.23,38.23,37.65
1,37.65,37.65,37.65,37.65,38.23,37.65,38.23,37.65,37.65,37.65,38.23,37.65,37.65,37.65,37.65,38.23,38.23,38.23,37.65,37.65,37.65,37.65,37.65,37.65,37.65,37.65,37.65,37.65,37.65,37.65,37.65,37.65,37.65,37.65,37.65,37.65,37.65,37.65,37.65,37.65,37.65,37.65,38.23,37.65,37.65,38.23,37.65,37.65,37.65,37.65,37.65,37.65,38.23,37.65,37.65,38.23,38.23,37.65,37.65,37.65,37.65,38.23,38.23,37.65,38.23,38.23,37.65,38.23,37.65,38.23,37.65,37.65,37.65,38.23,38.23,38.23,38.23,38.23,38.23,37.65,37.65,37.65,38.23,38.23,37.65,37.65,38.23,38.23,37.65,38.23,37.65,38.23,37.65,37.65,37.65,38.23,37.65,38.23,37.65,37.65,37.65
1,38.23,37.65,37.65,37.65,37.65,37.65,38.23,38.23,37.65,38.23,38.23,37.65,38.23,38.23,38.23,37.65,38.23,37.65,37.65,38.23,38.23,38.23,37.65,37.65,38.23,38.23,37.65,37.65,37.65,37.65,37.65,38.23,38.23,38.23,38.23,38.23,38.23,37.65,38.23,38.23,37.65,37.65,38.23,37.65,37.65,37.65,37.65,38.23,37.65,37.65,37.65,37.65,37.65,38.23,38.23,38.23,37.65,37.65,38.23,38.23,37.65,38.23,38.23,37.65,38.23,38.23,37.65,37.65,38.23,37.65,38.23,37.65,38.23,38.23,37.65,38.23,37.65,38.23,38.23,38.23,38.23,37.65,38.23,38.23,37.65,37.65,37.65,38.23,37.65,37.65,37.65,38.23,37.65,37.65,37.65,37.65,37.65,38.23,37.65,38.23,38.23
1,37.65,37.65,37.65,37.65,37.65,37.65,38.23,37.65,37.65,37.65,37.65,37.65,38.23,37.08,37.65,38.23,37.65,37.65,37.65,37.65,37.65,37.65,37.65,37.65,37.65,37.65,37.65,37.65,37.65,37.65,38.23,37.65,38.23,38.23,37.65,37.65,38.23,37.65,37.65,37.65,37.65,37.65,37.65,38.23,38.23,38.23,37.65,38.23,37.65,38.23,38.23,38.23,37.65,37.65,37.65,38.23,37.65,38.23,37.65,37.65,37.65,38.23,37.65,37.65,37.65,38.23,37.65,37.65,37.65,37.65,37.65,37.65,38.23,37.65,37.65,37.65,37.65,37.65,37.65,37.65,37.65,37.65,37.65,38.23,37.65,37.65,37.65,37.65,38.23,37.65,37.65,37.65,38.23,37.65,37.65,37.65,38.23,38.23,38.23,38.23,38.23
1,37.65,37.65,37.65,37.65,37.65,38.23,38.23,37.65,38.23,38.23,37.65,37.08,37.65,37.65,37.65,37.65,37.65,37.65,37.65,37.65,38.23,37.65,37.65,37.65,37.65,37.65,37.65,37.65,38.23,37.65,37.65,38.23,37.65,38.23,37.65,38.23,37.65,37.65,38.23,37.65,37.65,38.23,37.65,38.23,37.65,37.65,37.65,38.23,37.65,38.23,37.65,37.65,37.65,37.65,37.65,38.23,37.65,37.65,37.65,38.23,38.23,37.65,38.23,38.23,37.65,37.65,37.65,37.65,37.65,37.65,37.65,37.65,37.65,37.65,38.23,37.65,37.65,38.23,37.65,37.65,37.65,37.65,37.65,37.65,38.23,37.65,37.65,37.65,37.65,37.65,37.65,37.65,37.65,37.65,38.23,37.65,37.65,37.65,37.65,37.65,38.23
1,37.65,37.65,37.65,38.23,37.65,37.65,38.23,38.23,37.65,37.65,37.65,38.23,38.23,37.65,37.65,37.65,37.65,37.65,38.23,37.65,38.23,38.23,37.65,37.65,38.23,37.65,37.65,37.65,37.65,38.23,37.65,37.65,37.65,37.65,38.23,37.65,38.23,38.23,38.23,37.65,37.65,37.65,37.65,37.65,38.23,37.65,37.65,37.65,37.65,38.23,37.65,37.65,38.23,37.65,37.65,37.65,37.65,37.65,37.65,37.65,37.65,37.65,37.65,37.65,37.65,37.65,37.65,37.65,37.65,37.65,37.65,37.65,37.65,37.65,37.65,37.65,37.65,37.65,37.65,37.65,37.65,37.65,38.23,38.23,37.65,37.65,37.65,37.65,37.65,37.65,37.65,37.65,37.65,38.23,38.23,37.65,37.65,37.65,37.65,37.65,37.65
1,37.65,37.65,37.65,37.65,38.23,37.65,37.65,37.65,37.65,37.65,37.65,37.65,38.23,37.65,37.65,37.65,37.65,37.65,38.23,37.65,37.65,38.23,37.65,38.23,38.23,37.65,37.65,37.65,37.65,38.23,38.23,38.23,37.65,37.65,37.65,37.65,37.65,37.65,37.65,37.65,38.23,38.23,38.23,38.23,37.65,38.23,38.23,38.23,38.23,38.23,38.23,37.65,38.23,38.23,37.65,37.65,38.23,38.23,37.65,38.23,38.23,38.23,38.23,38.23,38.23,38.23,37.65,38.23,38.23,37.65,38.23,37.65,37.65,38.23,38.23,38.23,37.65,37.65,38.23,38.23,38.23,38.23,37.65,38.23,37.65,37.65,37.65,38.23,37.65,38.23,37.65,38.23,38.23,38.23,38.23,38.23,38.23,38.23,37.65,38.23,38.23
1,37.65,38.23,37.65,37.65,38.23,37.65,37.65,38.23,37.65,37.65,37.65,38.23,37.65,38.23,37.65,37.65,37.65,38.23,37.65,38.23,37.65,37.65,38.23,37.65,38.23,37.65,37.65,37.65,37.65,38.23,38.23,37.65,38.23,37.65,38.23,37.65,37.65,37.65,38.23,37.65,38.23,37.65,38.23,38.23,38.23,38.23,38.23,37.65,38.23,38.23,38.23,38.23,37.65,38.23,38.23,38.23,38.23,37.65,37.65,37.65,38.23,37.65,37.65,38.23,37.65,37.65,38.23,38.23,38.23,37.65,37.65,37.65,37.65,38.23,38.23,37.65,37.65,37.65,37.65,37.65,38.23,37.65,37.65,37.65,38.23,38.23,38.23,37.65,37.65,37.65,38.23,37.65,38.23,37.65,37.65,37.65,37.65,38.23,37.65,37.65,37.65
1,38.23,37.65,37.65,37.65,37.65,37.65,38.23,37.65,37.65,37.65,37.65,37.65,38.23,38.23,37.65,37.65,37.65,38.23,38.23,38.23,37.65,37.65,37.65,37.65,38.23,37.65,37.65,38.23,38.23,38.23,37.65,38.23,37.65,37.65,37.65,37.65,37.65,38.23,38.23,37.65,37.65,37.65,37.65,38.23,37.65,37.65,37.65,37.65,37.65,37.65,37.65,38.23,37.65,37.65,37.65,37.65,37.65,38.23,37.65,37.65,37.65,37.65,37.65,37.65,37.65,37.65,37.65,37.65,38.23,37.65,38.23,37.65,37.65,37.65,37.65,37.65,37.65,38.23,37.65,38.23,37.65,38.23,38.23,38.23,37.65,37.65,37.65,37.65,38.23,37.65,37.65,37.65,37.65,37.65,37.65,37.65,37.65,38.23,37.65,38.23,37.65
1,38.23,38.23,37.65,37.65,37.65,38.23,38.23,38.23,37.65,38.23,38.23,37.65,37.65,38.23,37.65,37.65,37.65,37.65,37.65,38.23,37.65,38.23,38.23,37.65,37.65,37.65,37.65,37.65,38.23,37.65,37.65,37.65,37.65,37.65,38.23,37.65,37.65,38.23,38.23,37.65,38.23,38.23,38.23,37.65,37.65,38.23,37.65,37.65,37.65,37.65,38.23,38.23,37.65,38.23,38.23,37.65,38.23,38.23,38.23,38.23,38.23,37.65,38.23,38.23,38.23,38.23,37.65,38.23,38.23,37.65,38.23,38.23,38.23,38.23,37.65,37.65,38.23,38.23,37.65,38.23,37.65,38.23,37.65,37.65,38.23,38.23,37.65,38.23,38.23,37.65,37.65,37.65,38.23,37.65,37.65,37.65,37.65,38.23,37.65,37.65,38.23
1,38.23,38.23,38.23,38.23,38.23,37.65,38.23,38.23,38.23,38.23,38.23,38.23,38.23,38.23,38.23,38.23,38.23,38.23,37.65,38.23,38.23,38.23,38.23,38.23,38.23,37.65,38.23,38.23,37.65,38.23,37.65,38.23,38.23,38.23,38.23,38.23,38.23,38.23,38.23,38.23,38.23,38.23,38.23,38.23,38.23,38.23,38.23,37.65,37.65,38.23,38.23,38.23,38.23,37.65,38.23,38.23,38.23,38.23,38.23,38.23,38.23,38.23,38.23,38.23,38.23,37.65,37.65,38.23,38.23,38.8,38.23,38.23,38.23,38.23,38.23,38.23,38.23,38.23,37.65,37.65,38.23,38.23,38.23,38.23,38.23,38.23,38.23,38.23,38.23,38.23,37.65,38.23,38.23,38.23,37.65,38.23,38.23,37.65,37.65,38.23,38.23
1,38.23,37.65,38.23,37.65,38.23,38.23,38.23,38.23,38.23,38.23,38.23,38.23,37.65,38.23,37.65,37.65,38.23,38.23,37.65,37.65,37.65,37.65,37.65,37.65,38.23,38.23,37.65,37.65,37.65,37.65,38.23,37.65,37.65,37.65,38.23,37.65,37.65,37.65,38.23,38.23,38.23,38.23,38.23,38.23,38.23,37.65,37.65,37.65,38.23,38.23,38.23,38.23,37.65,37.65,37.65,37.65,37.65,38.23,38.23,37.65,37.65,37.65,38.23,38.23,38.23,37.65,38.23,37.65,38.23,37.65,38.23,38.23,38.23,37.65,37.65,37.65,37.65,37.65,37.65,37.65,37.65,37.65,37.65,37.65,37.65,38.23,37.65,38.23,37.65,37.65,37.65,37.65,38.23,37.65,38.23,37.65,37.65,37.65,37.65,38.23,37.65
1,37.65,37.65,37.65,37.65,37.65,37.65,37.65,37.65,37.65,37.65,37.65,37.65,37.65,37.65,38.23,37.65,37.65,37.65,37.65,37.65,37.65,37.65,37.65,38.23,37.65,37.65,37.65,37.65,37.65,37.65,37.65,37.65,37.65,37.65,37.65,38.23,37.65,37.65,37.65,37.65,37.65,37.65,37.65,37.65,37.65,37.65,37.65,37.65,37.65,38.23,37.65,37.65,37.65,37.65,37.65,37.65,37.65,37.65,37.65,37.65,37.65,37.65,37.65,38.23,37.65,37.65,37.65,37.65,37.65,38.23,37.65,37.65,37.65,37.65,37.65,37.65,38.23,37.65,37.65,37.65,37.65,37.65,38.23,37.65,38.23,37.65,37.65,38.23,37.65,37.65,37.65,38.23,37.65,37.65,37.65,37.65,37.65,37.65,37.65,37.65,37.65
1,38.23,37.65,38.23,37.65,38.23,37.65,37.65,37.65,38.23,37.65,37.65,37.65,38.23,38.23,37.65,37.65,38.23,37.65,37.65,37.65,38.23,37.65,37.65,38.23,37.65,37.65,37.65,37.65,37.65,37.65,37.65,38.23,38.23,37.65,37.65,38.23,37.65,37.65,38.23,37.65,38.23,38.23,37.65,38.23,37.65,38.23,38.23,37.65,37.65,38.23,37.65,38.23,38.23,38.23,38.23,38.23,37.65,38.23,37.65,37.65,37.65,38.23,37.65,37.65,38.23,37.65,37.65,38.23,37.65,38.23,38.23,38.23,38.23,38.23,38.23,38.23,38.23,38.23,37.65,37.65,38.23,38.23,38.23,38.23,37.65,37.65,38.23,38.23,38.23,38.23,38.23,37.65,38.23,38.23,38.23,38.23,38.23,38.23,37.65,38.23,37.65
1,37.65,38.23,37.65,37.65,38.23,37.65,38.23,38.23,37.65,38.23,37.65,37.65,37.65,37.65,37.65,37.65,37.65,38.23,38.23,38.23,38.23,37.65,38.23,38.23,37.65,37.65,37.65,37.65,37.65,37.65,37.65,38.23,37.65,37.65,38.23,38.23,37.65,38.23,38.23,37.65,37.65,37.65,37.65,37.65,37.65,38.23,38.23,37.65,37.65,37.65,37.65,37.65,38.23,37.65,37.65,37.65,37.65,37.65,38.23,37.65,38.23,38.23,38.23,37.65,38.23,37.65,38.23,38.23,38.23,38.23,37.65,38.23,38.23,37.65,37.65,38.23,37.65,38.23,38.23,37.65,38.23,38.23,38.23,38.23,37.65,37.65,37.65,38.23,38.23,37.65,38.23,37.65,37.65,38.23,38.23,38.23,38.23,37.65,38.23,37.65,37.65
1,38.23,38.23,37.65,37.65,37.65,37.65,38.23,38.23,38.23,38.23,37.65,37.65,37.65,37.65,38.23,38.23,37.65,38.23,38.23,38.23,38.23,37.65,38.23,38.23,37.65,37.65,37.65,37.65,37.65,37.65,37.65,37.65,37.65,37.65,37.65,37.65,38.23,37.65,37.65,38.23,37.65,38.23,38.23,37.65,38.23,37.65,38.23,37.65,38.23,38.23,37.65,37.65,37.65,38.23,37.65,37.65,37.65,37.65,37.65,37.65,37.65,37.65,37.65,38.23,37.65,38.23,37.65,37.65,38.23,38.23,37.65,38.23,38.23,38.23,38.23,38.23,38.23,38.23,38.23,37.65,37.65,38.23,37.65,37.65,38.23,38.23,38.23,37.65,37.65,37.65,38.23,38.23,38.23,37.65,38.23,38.23,38.23,38.23,38.23,38.23,37.65
2,38.18,38.18,38.18,38.18,38.18,38.18,38.73,38.18,38.18,38.18,38.18,38.18,38.18,38.18,38.18,38.18,38.18,38.18,38.73,38.73,38.18,38.18,38.18,38.18,38.18,38.18,38.18,38.73,38.73,38.18,38.18,38.18,38.18,38.73,38.73,38.18,38.18,38.18,38.18,38.18,38.73,38.18,38.18,38.18,38.18,38.18,38.18,38.18,38.18,38.18,38.18,38.18,38.18,38.73,38.18,38.18,38.18,38.18,38.18,38.18,37.63,38.18,38.18,38.18,38.18,38.18,38.18,38.18,38.18,38.18,38.18,38.18,38.18,38.18,38.18,38.18,38.18,38.18,38.18,38.18,38.18,38.18,38.18,38.18,38.18,38.18,38.18,38.18,38.18,38.18,38.18,38.18,38.18,38.18,38.18,38.73,38.18,38.18,38.18,38.18,38.18
2,37.63,37.63,37.63,38.18,37.63,38.18,38.18,38.18,37.63,38.18,38.18,37.63,38.18,38.18,38.18,37.63,37.63,38.18,38.18,38.18,38.18,38.18,38.18,38.18,38.18,38.18,38.18,38.18,37.63,37.63,38.18,38.18,38.18,38.18,38.18,38.18,38.18,38.18,38.18,37.63,38.18,38.18,38.18,37.63,38.18,38.18,38.18,38.18,38.18,38.18,38.18,38.18,38.18,38.18,38.18,38.18,38.18,38.18,38.18,38.18,38.18,38.18,38.18,38.18,38.18,38.18,38.18,38.18,38.18,38.18,38.18,38.18,38.18,38.18,38.18,38.18,37.63,37.63,38.18,38.18,38.18,38.18,38.18,37.63,38.18,38.18,38.18,38.18,38.18,38.18,37.63,37.63,37.63,38.18,38.18,38.18,38.18,38.18,38.18,38.18,38.18
2,38.18,38.18,38.18,38.18,38.18,38.18,38.18,38.18,38.18,38.18,38.18,38.18,38.18,38.18,38.18,38.18,38.18,38.18,38.18,38.18,38.18,38.18,38.18,38.18,38.18,38.18,38.18,38.18,38.18,38.18,38.18,38.18,38.73,38.73,38.18,38.18,38.18,38.18,38.18,38.18,38.18,38.18,38.18,38.18,38.18,38.18,38.18,38.18,38.18,38.18,38.18,38.18,38.18,38.18,38.18,38.18,38.18,38.18,38.18,38.18,38.18,38.18,38.18,38.18,38.18,38.18,38.18,38.18,38.18,38.18,38.18,38.18,38.18,38.18,38.18,38.18,38.18,38.18,38.18,38.18,38.18,38.18,38.18,38.18,38.18,38.18,38.18,38.18,38.18,38.18,38.18,38.18,38.18,38.18,38.18,38.18,38.18,38.18,38.18,38.18,38.18
2,38.18,38.18,38.18,38.18,38.18,38.18,38.18,38.18,38.18,38.18,38.18,38.18,38.18,38.18,38.18,37.63,37.63,38.18,38.18,38.18,38.18,38.18,38.18,38.18,37.63,38.18,38.18,38.18,38.18,38.18,38.18,38.18,38.18,38.18,37.63,38.18,38.18,38.18,38.18,38.18,38.18,38.18,38.18,38.18,38.18,38.18,38.18,38.18,38.18,38.18,38.18,38.18,38.18,38.18,38.18,38.18,38.18,38.18,38.18,38.18,38.18,38.18,38.73,38.18,38.18,38.18,38.18,38.18,38.18,38.73,38.18,38.18,38.18,38.18,38.18,38.18,38.18,38.18,38.18,38.18,38.18,38.18,38.18,38.18,38.18,38.18,38.18,38.18,38.18,38.18,38.18,38.18,38.18,38.18,38.18,38.18,38.18,38.18,38.18,38.18,38.18
2,38.18,38.18,38.18,38.18,38.18,38.18,38.18,38.18,38.18,38.18,38.18,38.18,38.18,38.18,38.18,38.18,38.18,38.18,38.18,38.18,38.18,38.18,38.18,38.18,38.18,38.73,38.18,38.18,38.18,38.18,38.18,38.18,38.18,38.73,38.18,38.18,38.73,38.18,38.18,38.18,38.18,38.18,38.18,38.18,38.18,38.18,38.18,38.73,38.18,38.18,38.18,38.18,38.18,38.18,38.18,38.18,38.18,38.18,38.18,38.73,38.18,38.18,38.73,38.18,38.18,38.18,38.18,38.18,38.18,38.18,38.73,38.73,38.18,38.18,38.18,38.18,38.73,38.73,38.73,38.73,38.73,38.73,38.18,38.18,38.73,38.18,38.73,38.18,38.73,38.18,38.18,38.18,38.18,38.73,38.18,38.18,38.73,38.18,38.73,38.18,38.18
2,38.73,38.73,38.18,38.73,38.73,38.73,38.18,38.73,38.18,38.18,38.18,38.18,38.18,38.18,38.18,38.18,38.18,38.18,38.18,38.18,38.18,38.18,38.18,38.73,38.18,38.73,38.73,38.18,38.73,38.18,38.18,38.73,38.18,38.18,38.18,38.73,38.18,38.18,38.18,38.73,38.18,38.18,38.73,38.73,38.73,38.73,38.73,38.73,38.18,38.18,38.18,38.73,38.73,38.18,38.18,38.73,38.73,38.18,38.73,38.73,38.73,38.18,38.73,38.73,38.73,38.73,38.73,38.18,38.18,38.18,38.18,38.18,37.63,38.73,38.73,38.18,38.18,38.18,38.18,38.18,38.73,38.73,38.73,38.18,38.73,38.18,38.73,38.18,38.73,38.73,38.73,38.18,38.18,38.73,38.73,38.73,38.73,38.73,38.73,38.73,38.18
2,38.73,38.73,38.18,38.18,38.18,38.18,38.73,38.73,38.73,38.73,38.73,38.73,38.18,38.73,38.73,38.73,38.73,38.18,38.73,38.18,38.73,38.18,38.73,38.73,38.73,38.73,38.73,38.73,38.73,38.18,38.18,38.18,38.73,38.73,38.73,38.18,38.18,38.73,38.18,38.73,38.18,38.73,38.18,38.73,38.73,38.18,38.18,38.73,38.73,38.73,38.73,38.73,38.73,38.73,38.18,38.73,38.18,38.73,38.73,38.73,38.73,38.73,38.73,38.73,38.73,38.73,38.73,38.18,38.73,38.73,38.73,38.73,38.73,38.73,38.73,38.73,38.73,38.73,38.73,38.73,38.73,38.73,38.73,38.73,38.73,38.73,38.73,38.73,38.73,38.73,38.73,38.73,38.73,38.73,38.73,38.73,38.73,38.73,39.29,38.73,38.73
2,38.73,38.73,38.73,38.73,38.73,38.73,38.73,39.29,38.73,38.73,39.29,39.29,38.73,38.73,38.73,38.73,38.73,38.73,38.73,38.73,38.73,38.73,38.73,38.73,38.73,38.73,38.73,38.73,38.73,38.73,38.73,38.73,38.73,38.73,38.73,38.73,38.73,38.73,38.73,38.73,38.73,38.73,38.73,38.73,38.73,38.73,38.73,38.73,38.73,38.73,38.73,38.73,38.73,38.73,38.73,38.73,38.73,38.73,38.18,38.73,38.73,38.73,38.73,38.18,38.73,38.73,38.73,38.73,38.73,38.73,38.73,38.73,38.73,38.18,38.73,38.73,38.18,38.73,39.29,38.73,38.73,38.73,38.73,38.73,38.73,38.73,38.73,38.73,38.73,38.73,38.73,38.73,38.73,38.73,38.73,38.73,38.73,39.29,38.73,39.29,38.73
2,38.73,38.73,38.73,38.73,38.73,38.73,38.73,39.29,38.73,38.18,38.73,38.73,38.73,38.73,38.73,38.73,38.73,38.73,38.73,38.73,38.73,38.73,38.73,38.18,38.18,38.18,38.73,38.18,38.18,38.73,38.18,38.18,38.18,38.73,38.18,38.73,38.73,38.73,38.18,38.73,38.73,38.18,38.73,38.18,38.18,38.73,38.73,38.73,38.73,38.73,38.73,38.73,38.18,38.73,38.73,38.73,38.73,38.73,38.73,38.73,38.73,38.73,38.73,38.73,38.73,38.73,38.73,38.73,38.73,38.73,38.73,39.29,38.73,38.73,38.73,38.73,38.73,38.73,38.73,38.73,38.73,38.73,38.73,38.73,38.73,38.73,38.73,38.73,38.73,38.73,38.73,38.73,38.73,38.73,38.73,39.29,39.29,38.73,38.73,38.73,38.73
2,38.73,38.73,38.73,39.29,38.73,39.29,38.73,38.73,38.73,38.73,38.73,38.73,39.29,38.73,38.73,38.73,38.73,38.73,38.73,38.73,38.73,39.29,38.73,38.73,38.73,38.73,39.29,39.29,38.73,38.73,38.73,39.29,38.73,38.73,38.73,38.73,39.29,38.73,38.73,38.73,39.29,38.73,38.73,38.73,38.73,38.73,38.73,38.73,38.73,39.29,38.73,39.29,39.29,38.18,38.73,38.73,38.73,38.73,38.73,38.73,38.18,38.73,38.73,38.73,38.73,38.73,38.73,38.73,38.73,38.73,38.73,38.73,38.73,38.73,38.73,38.73,38.73,38.73,38.73,38.73,38.73,38.73,38.73,38.73,38.73,38.73,38.73,38.73,38.73,38.18,38.73,38.73,38.18,38.18,38.73,38.73,38.73,38.73,38.73,38.73,38.73
2,33.19,32.63,32.63,33.19,33.19,33.19,33.19,33.19,33.19,33.19,33.74,33.19,33.19,33.74,33.19,33.19,33.74,33.74,33.74,33.74,33.74,33.74,33.74,33.74,33.74,33.74,33.74,33.74,33.74,33.74,33.74,33.74,34.3,34.3,34.3,33.74,34.3,34.3,34.3,34.3,34.3,34.3,34.3,34.85,34.3,34.3,34.3,34.85,34.3,34.85,34.3,34.85,34.3,34.85,34.85,34.85,34.85,34.85,34.85,34.3,34.85,35.41,34.85,34.85,34.85,34.85,34.85,34.85,34.85,34.85,34.85,35.41,34.85,34.85,34.85,34.85,34.85,35.41,35.41,34.85,34.85,34.85,35.41,35.41,35.41,35.41,35.41,35.41,35.41,35.41,35.41,35.41,35.41,35.41,35.41,35.41,35.41,35.96,35.96,35.96,35.96
2,36.52,36.52,36.52,37.07,36.52,36.52,36.52,36.52,36.52,36.52,37.07,36.52,37.07,37.07,37.07,36.52,37.07,37.07,36.52,37.07,37.07,37.07,37.07,37.07,37.07,37.07,37.07,37.07,37.63,37.07,37.07,37.07,37.07,37.07,37.07,37.07,37.63,37.07,37.07,37.07,37.07,37.07,37.07,37.07,37.63,37.63,37.63,37.07,37.63,37.63,37.63,37.63,37.07,37.63,37.63,37.63,37.63,37.63,37.63,37.63,37.63,37.63,37.63,37.63,38.18,37.63,37.63,37.63,37.63,37.63,37.63,37.63,37.63,37.63,37.63,37.63,37.63,37.63,37.63,37.63,37.63,37.63,37.63,38.18,37.63,37.63,37.63,38.18,38.18,38.18,37.63,38.18,37.63,37.63,38.18,37.63,38.18,37.63,37.63,38.18,38.18
2,38.73,38.18,38.18,38.73,38.18,38.18,38.18,38.18,38.18,38.18,38.18,38.18,38.18,38.18,38.18,38.18,38.73,38.18,38.18,38.73,38.18,38.73,38.73,38.18,38.18,38.73,38.18,38.18,38.73,38.73,38.18,38.73,38.73,38.73,38.18,38.18,38.18,38.18,38.18,38.73,38.73,38.73,38.73,38.73,38.73,38.73,38.73,38.73,38.73,38.73,38.18,38.73,38.73,38.73,38.73,38.73,38.73,38.73,38.73,38.73,39.29,38.73,38.73,38.73,38.73,38.73,38.73,38.73,38.73,38.73,38.73,38.73,38.73,38.73,39.29,38.73,38.73,38.73,38.73,38.73,38.73,38.73,38.73,38.73,39.29,38.73,39.29,38.73,38.73,38.73,38.73,38.73,38.73,38.73,38.73,39.29,38.73,38.73,39.29,38.73,38.73
2,39.29,39.29,39.29,39.29,38.73,39.29,39.29,39.29,39.29,39.29,39.29,39.29,39.29,39.29,39.29,39.29,39.29,39.29,39.29,39.29,39.29,39.29,39.29,39.29,39.29,39.29,39.29,39.29,38.73,39.29,39.29,39.29,39.29,39.29,39.29,39.29,39.29,39.29,39.29,39.29,39.29,39.84,39.29,39.84,39.29,39.29,39.29,39.29,39.29,39.29,39.29,39.29,39.29,39.29,39.29,39.84,39.29,39.29,39.29,39.29,39.29,39.29,39.29,39.29,39.84,39.84,39.29,39.29,39.29,39.29,39.84,39.84,39.29,39.29,39.29,39.29,39.84,39.84,39.29,39.29,39.29,39.29,39.29,39.29,39.29,39.29,39.29,39.29,39.29,39.29,39.29,39.29,39.29,39.29,39.29,39.29,39.29,39.29,39.29,39.84,39.29
2,39.84,39.84,39.29,39.84,39.84,39.29,40.4,39.84,39.84,39.84,39.84,39.84,39.84,39.84,39.29,39.84,39.84,39.84,39.84,39.84,39.84,39.29,39.29,39.29,39.84,39.29,39.84,39.29,39.84,39.84,39.84,39.29,39.84,39.84,39.29,39.29,39.84,39.84,39.84,39.84,39.84,39.84,39.84,39.84,39.84,39.84,39.84,39.84,39.84,39.84,39.29,39.84,39.84,39.84,39.84,39.84,39.84,39.29,39.84,39.84,39.84,39.84,39.84,39.84,39.84,39.84,39.84,39.84,39.84,39.84,39.84,39.84,39.84,39.29,39.84,39.29,39.29,39.84,39.84,39.84,39.84,39.84,39.84,39.84,39.84,39.84,39.84,39.84,39.84,39.84,39.84,39.84,39.84,39.84,39.84,39.84,39.84,40.4,39.84,39.84,39.84
2,39.84,39.84,39.84,39.84,40.4,40.4,40.4,40.4,40.4,40.4,39.84,40.4,40.4,40.4,40.4,39.84,39.84,39.84,40.4,40.4,39.84,40.4,39.84,40.4,40.4,40.4,40.4,40.4,39.84,39.84,40.4,40.4,39.84,39.84,39.84,39.84,40.4,39.84,40.4,39.84,39.84,39.84,40.4,39.84,40.4,39.84,40.4,39.84,39.84,40.4,39.84,39.84,40.4,39.84,39.84,40.4,39.84,39.84,39.84,40.4,39.84,40.4,39.84,40.4,39.84,39.84,39.84,39.84,40.4,39.84,39.84,40.4,39.84,39.84,40.4,39.84,39.84,40.4,39.84,39.84,40.4,40.4,39.84,40.4,39.84,40.4,40.4,40.4,39.84,39.84,39.29,40.4,40.4,40.4,40.4,39.84,40.4,40.4,39.84,40.4,40.4
2,39.84,39.84,39.84,40.4,40.4,40.4,40.4,40.4,39.84,39.84,40.4,40.4,40.4,40.4,40.4,40.4,40.4,39.84,40.4,40.4,40.4,40.4,39.84,39.84,40.4,40.4,40.4,39.84,40.4,40.4,39.84,39.84,40.4,39.84,39.29,40.4,39.84,40.4,39.84,39.84,40.4,40.4,40.4,40.4,40.4,40.4,40.4,40.4,40.4,40.4,40.4,40.4,39.84,40.4,39.84,40.4,40.4,39.84,40.4,40.4,40.4,40.4,39.84,39.84,40.4,39.84,40.4,40.4,40.4,39.84,39.84,40.4,39.84,40.4,39.84,40.4,40.4,40.4,40.4,40.4,40.4,40.4,40.4,40.4,40.4,40.4,40.4,40.4,40.4,40.4,40.4,40.4,40.4,40.4,40.4,40.4,40.4,40.4,40.4,40.4,40.4
2,39.84,40.4,40.4,39.84,40.4,40.4,40.4,40.4,40.4,40.4,39.84,40.4,39.84,40.4,39.84,40.4,40.4,40.4,40.4,40.4,40.4,40.4,39.84,40.4,39.84,40.4,40.4,40.4,40.4,40.4,40.4,39.84,39.84,40.4,40.4,40.4,40.4,40.4,39.84,39.84,40.4,39.84,40.4,40.4,40.4,39.84,40.4,40.4,40.4,40.4,40.4,40.4,40.4,40.4,40.4,40.4,40.4,39.84,40.4,40.4,40.4,40.4,40.4,40.4,40.4,39.84,40.4,40.4,40.4,40.4,40.4,40.4,40.4,39.84,40.4,40.4,40.4,40.4,40.4,40.4,40.4,40.4,40.4,40.4,40.4,40.4,40.4,40.4,40.4,40.4,40.4,40.4,40.4,40.4,40.4,40.4,40.4,40.4,40.4,40.4,40.4
2,40.4,40.4,40.4,40.4,40.4,40.4,40.4,40.4,40.4,40.4,40.4,40.4,40.4,40.4,40.4,40.4,40.4,40.4,40.4,40.4,40.4,40.4,40.4,40.4,40.4,40.4,40.4,40.4,40.4,40.4,40.4,40.4,40.4,40.4,40.4,40.4,40.4,40.4,40.4,40.4,40.4,40.4,40.4,40.4,40.4,40.4,40.4,40.4,40.4,40.4,40.4,40.4,40.4,40.4,40.4,40.4,40.4,40.4,40.4,40.4,40.4,40.4,40.4,40.4,40.4,40.4,40.4,40.4,40.4,40.4,40.4,40.4,40.4,40.4,40.4,40.4,40.4,40.4,40.4,40.4,40.4,40.4,40.4,40.4,40.4,40.4,40.4,40.4,40.4,40.4,40.4,40.4,40.4,40.4,40.4,40.4,40.4,40.4,40.4,40.4,40.4
2,40.4,40.4,40.4,40.4,40.4,40.4,40.4,40.4,40.4,40.4,40.4,40.4,40.4,40.4,40.4,40.4,40.4,40.4,40.4,40.4,40.4,40.4,40.4,40.4,40.4,40.4,40.95,40.4,40.4,40.4,40.4,40.4,40.4,40.4,40.4,40.4,40.4,40.4,40.4,40.4,40.4,40.4,40.4,40.4,40.4,40.4,40.4,40.4,40.4,40.4,40.4,40.4,40.4,40.4,40.4,40.4,40.4,40.4,40.4,40.4,40.4,40.4,39.84,40.4,40.4,39.84,40.4,40.4,40.4,40.4,40.4,40.4,40.4,40.4,40.4,40.4,40.4,40.4,40.4,39.84,40.4,40.4,40.4,40.4,40.4,40.4,40.4,40.4,40.4,40.4,40.4,40.4,40.4,40.4,40.4,40.4,40.4,40.4,40.4,40.4,40.4
2,40.4,40.4,40.4,40.4,40.4,40.4,40.4,40.4,40.4,40.4,40.4,40.4,40.4,40.4,40.4,40.4,40.4,40.4,40.4,40.4,40.4,40.4,40.4,40.4,40.4,40.4,40.4,40.4,40.4,40.4,40.4,40.4,40.4,40.4,40.4,40.4,40.4,40.4,40.4,40.4,40.4,40.4,40.4,40.4,40.4,40.4,40.4,40.4,40.4,40.4,40.4,40.4,40.4,40.4,40.4,40.4,40.4,40.4,40.4,40.4,40.4,40.4,40.4,40.4,40.4,40.4,40.4,40.4,40.4,40.4,40.4,40.4,40.4,40.4,39.84,40.4,40.4,40.4,40.4,40.4,40.4,40.4,40.4,40.4,40.4,40.4,40.4,40.4,40.4,40.4,40.4,40.4,40.4,40.4,40.4,40.4,40.4,40.4,40.4,39.84,40.4
2,40.4,40.4,40.4,40.4,40.4,40.4,40.4,40.4,40.4,40.4,40.4,40.4,40.4,40.4,40.4,40.4,40.4,40.4,40.4,40.4,40.4,40.4,40.4,40.4,40.4,40.4,40.4,40.4,40.4,40.4,40.4,40.4,40.4,40.4,40.4,40.4,40.4,40.4,40.4,40.4,40.4,40.4,40.4,40.4,40.4,40.4,40.4,40.4,40.4,39.84,40.4,40.4,40.4,40.4,40.4,40.4,40.4,40.95,40.4,40.4,40.4,40.4,40.4,40.4,40.4,40.4,40.4,40.4,40.4,40.4,40.4,40.4,40.4,40.4,40.4,40.4,40.4,40.4,40.4,39.84,40.4,40.4,40.4,40.4,40.4,40.4,40.4,40.4,40.4,40.4,40.4,40.4,40.4,40.4,40.4,40.4,40.4,40.4,40.4,40.4,40.4
2,40.4,40.4,40.4,40.4,40.4,40.4,40.4,40.4,40.4,40.4,40.4,40.4,40.4,40.4,40.4,39.84,40.4,40.4,40.4,40.4,40.4,40.4,40.4,40.4,40.4,40.4,40.4,40.4,40.4,40.4,40.4,40.4,40.4,40.4,40.4,40.4,40.4,40.4,40.4,40.4,40.4,40.4,40.4,40.4,40.4,40.4,40.4,40.4,40.4,40.4,40.4,40.4,40.4,40.4,40.4,40.4,40.4,40.4,40.4,40.4,40.4,40.4,40.4,40.4,40.4,40.4,40.4,40.4,40.4,40.4,40.4,40.4,40.4,39.84,40.4,40.4,40.4,40.4,40.4,40.4,40.4,40.4,40.4,40.4,40.4,40.4,40.4,40.4,40.4,40.4,40.4,40.4,40.4,40.4,40.4,40.4,40.4,40.4,40.4,40.4,40.4
2,40.4,40.4,40.4,40.4,40.4,40.4,40.4,40.4,40.4,40.4,40.4,40.4,40.4,40.4,40.4,40.4,40.4,40.4,40.4,40.4,40.4,40.4,40.4,40.4,40.4,40.4,40.4,40.4,40.4,40.4,40.4,40.4,40.4,40.4,40.4,40.4,40.4,40.4,39.84,40.4,40.4,40.4,40.4,40.4,40.4,40.4,39.84,40.4,40.4,40.4,40.4,40.4,40.4,40.4,40.4,40.4,40.4,40.4,40.4,40.4,40.4,40.4,40.4,40.4,40.4,40.4,40.4,40.4,40.4,40.4,40.4,40.4,40.4,40.4,40.4,40.4,40.4,40.4,40.4,40.4,40.4,40.4,40.4,40.4,40.4,40.4,40.4,40.4,40.4,40.4,40.4,40.4,40.4,40.4,40.4,40.4,40.4,40.4,40.4,40.4,40.4
2,40.4,40.4,40.4,40.4,40.4,40.4,40.4,40.4,40.4,40.4,40.4,40.4,40.4,40.4,40.4,40.4,40.4,40.4,40.4,40.4,40.4,40.4,40.4,40.4,40.4,40.4,40.4,40.4,40.4,40.4,40.4,40.4,40.4,40.4,40.4,40.4,40.4,40.4,40.4,40.4,40.4,40.4,40.4,40.4,40.4,40.4,40.4,40.4,40.4,40.4,40.4,40.4,40.4,40.4,40.4,40.4,40.4,40.4,40.4,40.4,40.4,40.4,40.4,40.4,40.4,40.4,40.4,40.4,40.4,40.4,40.4,40.4,40.4,40.4,40.4,40.4,40.4,40.4,40.4,40.4,40.4,40.4,40.4,40.4,40.4,40.4,40.4,40.4,40.4,40.4,40.4,40.4,40.4,40.4,40.4,40.4,40.4,40.4,40.4,40.4,40.4
2,40.4,40.4,40.4,40.4,40.4,40.4,40.4,40.4,40.4,40.4,40.4,40.4,40.4,40.4,40.4,40.4,40.4,40.4,40.4,40.4,39.84,40.4,40.4,40.4,40.4,40.4,40.4,40.4,40.4,40.4,40.4,40.4,40.4,40.4,40.4,40.4,40.4,40.4,40.4,40.4,40.4,40.4,40.4,40.4,40.4,40.4,40.4,40.4,40.4,40.4,40.4,40.4,40.4,40.4,40.4,40.4,40.4,40.4,39.84,40.4,40.4,40.4,40.4,40.4,39.84,40.4,40.4,39.84,40.4,40.4,39.84,40.4,40.4,40.4,40.4,40.4,40.4,40.4,40.4,40.4,40.4,40.4,40.4,40.4,40.4,40.4,40.4,39.84,39.84,40.4,40.4,40.4,40.4,40.4,40.4,39.84,40.4,40.4,40.4,40.4,39.84
2,40.4,40.4,40.4,39.84,40.4,40.4,40.4,40.4,40.4,40.4,40.4,40.4,40.4,40.4,40.4,40.4,40.4,40.4,40.4,40.4,40.4,40.4,40.4,40.4,40.4,40.4,40.4,40.4,40.4,40.4,40.4,39.84,39.84,39.84,40.4,40.4,40.4,40.4,40.4,40.4,40.4,40.4,40.4,40.4,39.84,40.4,40.4,40.4,40.4,40.4,40.4,40.4,40.4,39.84,39.84,39.84,40.4,40.4,40.4,40.4,40.4,40.4,39.84,40.4,40.4,40.4,40.4,40.4,40.4,40.4,40.4,39.84,40.4,40.4,40.4,40.4,40.4,40.4,39.84,39.84,40.4,40.4,40.4,40.4,40.4,40.4,40.4,40.4,40.4,40.4,40.4,40.4,40.4,40.4,40.4,40.4,40.4,40.4,40.4,40.4,40.4
2,40.4,40.4,40.4,40.4,40.4,40.4,40.4,40.4,40.4,40.4,40.4,40.4,40.4,40.4,40.4,40.4,40.4,40.4,40.4,40.4,40.4,40.4,40.4,40.4,40.4,40.4,40.4,40.4,40.4,40.4,40.4,40.4,40.4,40.4,40.4,40.4,40.4,40.4,40.4,40.4,40.4,40.4,40.4,40.4,40.4,39.84,40.4,40.4,40.4,40.4,40.4,40.4,40.4,40.4,40.4,40.4,40.4,40.4,40.4,40.4,40.4,40.4,39.84,40.4,40.4,40.4,40.4,40.4,40.4,40.4,40.4,40.4,40.4,40.4,40.4,40.4,40.4,40.4,40.4,40.4,40.4,40.4,40.4,40.4,40.4,40.4,40.4,40.4,40.4,40.4,40.4,40.4,40.4,40.4,40.4,40.4,40.4,40.4,40.4,40.4,40.4
2,40.4,40.4,39.84,40.4,40.4,40.4,40.4,40.4,40.4,40.4,40.4,40.4,40.4,40.4,40.4,40.4,40.4,40.95,40.4,40.4,40.4,40.4,40.4,40.4,40.4,40.4,40.4,40.4,40.4,40.4,40.4,40.4,40.4,40.4,40.4,40.4,40.4,40.4,40.4,40.4,40.4,40.4,40.4,40.4,40.4,40.4,40.4,40.4,40.4,40.4,40.4,40.4,40.4,40.4,40.4,40.4,40.4,40.4,40.4,40.4,40.4,40.4,40.4,40.4,40.95,40.4,40.4,40.4,40.4,40.4,40.4,40.4,40.4,40.95,40.4,40.4,40.4,40.4,40.4,40.4,40.4,40.4,40.4,40.4,40.4,40.4,40.4,40.4,40.4,40.4,40.4,40.4,40.4,40.4,40.4,40.4,40.4,40.4,40.4,40.4,40.4
2,40.4,40.4,40.4,40.4,40.4,40.4,40.4,40.4,40.4,40.4,40.4,40.4,40.4,40.4,40.4,40.4,40.4,40.4,40.4,40.4,40.4,40.4,40.4,40.4,40.4,40.4,40.4,40.4,40.4,40.4,40.4,40.4,40.4,40.4,40.4,40.4,40.4,40.4,40.4,40.4,40.4,40.4,40.4,40.4,40.4,40.4,40.4,40.4,40.4,40.4,40.4,40.4,40.4,40.4,40.4,40.4,40.4,40.4,40.4,40.4,40.4,40.4,40.4,40.4,40.4,40.4,40.4,40.4,40.4,40.4,40.4,40.4,40.4,40.4,40.4,40.4,40.4,40.4,40.4,40.4,40.4,40.4,40.4,40.4,40.4,40.4,40.4,40.4,40.4,40.4,40.4,40.4,40.4,40.4,40.4,40.4,40.4,40.4,40.4,40.4,39.84
3,33.67,33.11,33.11,33.11,33.11,33.11,33.11,33.11,33.11,33.11,33.11,33.11,33.11,33.67,33.11,33.11,33.11,33.11,33.67,33.67,33.67,33.67,33.67,33.67,34.23,33.67,33.67,33.67,33.67,34.23,33.67,33.67,33.67,33.67,33.67,33.67,33.67,34.23,34.23,34.23,34.23,34.23,34.23,34.23,34.23,34.23,34.79,34.79,34.23,34.23,34.79,34.23,34.79,34.23,34.79,34.79,35.34,34.79,34.79,34.79,34.79,34.79,35.34,35.34,34.79,35.34,35.34,34.79,34.79,35.34,35.34,34.79,35.34,34.79,35.34,35.34,35.34,34.79,35.34,35.34,35.34,35.34,35.34,35.34,35.34,35.34,35.34,35.34,35.34,35.34,35.34,35.34,35.9,35.34,35.34,35.34,35.34,35.34,35.34,35.34,35.9
3,36.46,36.46,36.46,36.46,36.46,36.46,36.46,36.46,36.46,36.46,36.46,36.46,36.46,36.46,36.46,36.46,36.46,36.46,36.46,36.46,36.46,36.46,36.46,36.46,36.46,36.46,36.46,36.46,36.46,36.46,37.02,36.46,36.46,36.46,36.46,36.46,36.46,36.46,36.46,36.46,36.46,36.46,37.02,36.46,37.02,36.46,36.46,36.46,37.02,37.02,37.02,37.02,37.02,36.46,36.46,37.02,37.02,37.02,37.02,37.02,37.02,37.02,36.46,37.02,37.02,37.02,37.02,37.02,37.02,37.02,36.46,37.02,36.46,36.46,37.02,36.46,37.02,37.02,36.46,36.46,37.02,36.46,37.02,37.02,36.46,36.46,37.02,37.02,37.02,37.02,37.58,37.02,37.58,37.02,37.02,37.02,37.02,37.02,37.02,36.46,36.46
3,37.02,37.58,37.58,37.58,37.58,37.58,37.58,37.58,37.58,37.58,37.58,37.58,37.58,37.58,37.58,37.58,37.58,37.58,37.58,37.58,38.14,37.58,37.58,37.58,37.58,37.58,37.58,37.58,37.58,37.58,37.58,37.58,37.58,37.58,38.14,37.58,37.58,37.58,38.14,37.58,37.58,37.58,37.58,37.58,37.58,37.58,37.58,37.58,37.58,37.58,37.58,37.58,37.58,37.58,37.58,37.58,37.58,37.58,37.58,37.58,38.14,38.14,37.58,37.58,37.58,38.14,37.58,38.14,37.58,38.14,37.58,37.58,37.58,37.58,37.58,37.58,38.14,37.58,38.14,37.58,37.58,37.58,38.14,37.58,38.14,37.58,37.58,37.58,37.58,37.58,38.14,38.14,37.58,37.58,37.58,37.58,38.14,37.58,37.58,37.58,37.58
3,38.14,38.14,38.14,38.14,38.14,38.14,38.14,38.14,38.14,38.14,38.14,38.14,38.14,38.14,38.14,37.58,38.14,38.14,38.14,38.14,38.14,37.58,38.14,38.14,38.14,38.14,38.14,38.14,38.7,38.14,38.14,38.7,38.7,38.14,38.14,38.14,38.7,38.14,38.14,38.7,38.14,38.7,38.7,38.14,38.14,38.14,38.7,38.14,38.7,38.14,38.14,38.7,38.7,38.7,38.14,38.7,38.14,38.7,38.14,38.7,38.14,38.14,38.7,38.14,38.14,38.7,38.14,38.7,38.14,38.14,38.14,38.14,38.14,38.14,38.14,38.7,38.14,38.7,38.14,38.7,38.7,38.14,38.7,38.7,38.14,38.14,38.14,38.14,38.14,38.7,38.14,38.14,38.7,38.7,38.7,38.14,38.14,38.7,38.7,38.7,38.7
3,38.7,38.7,38.7,38.7,38.7,38.7,39.25,38.7,38.7,38.7,38.7,38.7,38.7,38.7,38.7,38.7,38.7,38.7,38.7,38.7,38.7,38.7,38.14,38.7,38.7,38.7,38.7,38.7,38.7,38.7,39.25,38.7,38.7,38.7,38.7,38.7,38.7,38.7,38.7,38.7,38.7,38.7,38.7,38.7,38.7,38.7,38.7,38.7,38.7,38.7,38.7,38.7,38.7,38.7,38.7,38.7,38.7,38.7,38.7,38.7,38.7,38.7,38.7,38.7,38.7,38.7,38.7,38.7,38.7,38.7,38.7,38.7,38.7,38.7,38.7,38.7,38.7,39.25,38.7,38.7,38.7,38.7,38.7,38.7,38.7,38.7,38.7,38.7,38.7,38.7,38.7,38.7,38.7,38.7,38.7,38.7,38.7,38.7,38.7,39.25,38.7
3,38.7,38.7,38.7,38.7,38.7,38.7,38.7,38.7,38.7,38.7,38.7,38.7,38.7,38.7,38.7,38.7,38.7,38.7,39.25,38.7,39.25,38.7,38.7,39.25,38.7,38.7,38.7,38.7,38.7,38.7,38.7,38.7,38.7,38.7,38.7,39.25,38.7,38.7,39.25,38.7,38.7,38.7,38.7,39.25,38.7,38.7,38.7,39.25,38.7,38.7,39.25,38.7,38.7,38.7,38.7,38.7,39.25,39.25,38.7,38.7,39.25,39.25,39.25,39.25,39.25,38.7,38.7,38.7,38.7,38.7,38.7,39.25,38.7,38.7,38.7,38.7,38.7,38.7,38.7,38.7,38.7,38.7,38.7,38.7,38.7,38.7,39.25,39.25,38.7,38.7,39.25,39.25,38.7,39.25,39.25,38.7,38.7,39.25,38.7,38.7,38.7
3,38.7,39.25,38.7,39.25,38.7,39.25,38.7,39.25,39.25,39.25,38.7,38.7,38.7,39.25,39.25,38.7,38.7,38.7,38.7,38.7,38.7,39.25,38.7,39.25,39.25,39.25,39.25,39.25,39.25,39.25,39.25,38.7,39.25,39.25,38.7,38.7,39.25,38.7,38.7,38.7,38.7,39.25,38.7,39.25,39.25,38.7,38.7,38.7,38.7,38.7,38.7,38.7,38.7,38.7,38.7,38.7,38.7,39.25,38.7,38.7,39.25,39.25,38.7,38.7,39.25,38.7,38.7,39.25,38.7,38.7,38.7,38.7,38.7,38.7,38.7,38.7,38.7,38.7,38.7,38.7,38.7,38.7,39.25,38.7,38.7,38.7,38.7,38.7,38.7,38.7,39.25,39.25,39.25,38.7,38.7,38.7,38.7,38.7,38.7,38.7,38.7
3,38.7,38.7,38.7,38.7,38.7,39.25,38.7,38.7,38.7,38.7,38.7,38.7,38.7,38.7,38.7,38.7,38.7,38.7,38.7,38.7,38.7,38.7,38.7,39.25,38.7,38.7,38.7,38.7,38.7,38.7,38.7,38.7,38.7,38.7,39.25,39.25,38.7,38.7,38.7,38.7,38.7,38.7,38.7,38.7,38.7,38.7,38.7,38.7,38.7,38.7,38.7,38.7,38.7,38.7,38.7,38.7,38.7,38.7,38.7,38.7,38.7,38.7,38.7,38.7,38.7,38.7,38.7,38.7,38.7,38.7,38.7,38.7,38.7,38.7,39.25,38.7,38.7,38.7,39.25,38.7,38.7,38.7,38.7,38.7,38.7,38.7,38.7,38.7,38.7,39.25,38.7,38.7,38.7,38.7,38.7,39.25,38.7,38.7,38.7,38.7,39.25
3,38.7,38.7,38.7,38.7,38.7,38.7,38.7,38.7,39.25,38.7,38.7,38.7,38.7,38.7,38.7,38.7,38.7,38.7,38.7,38.7,38.7,38.7,38.7,38.7,38.7,38.7,38.7,38.7,38.7,38.7,38.7,38.7,38.7,38.7,38.7,38.7,38.7,38.7,38.7,38.7,38.7,38.7,38.7,38.7,38.7,38.7,38.7,38.7,38.7,38.7,38.7,38.7,39.25,38.7,38.7,39.25,39.25,39.25,38.7,38.7,38.7,38.7,38.7,38.7,39.25,39.25,39.25,39.25,39.25,39.25,38.7,38.7,39.25,39.25,39.25,38.7,39.25,39.25,39.25,39.25,38.7,39.25,38.7,38.7,38.7,39.25,38.7,38.7,38.7,39.25,39.25,39.25,38.7,38.7,38.7,39.25,39.25,38.7,39.25,39.25,38.7
3,38.7,38.7,38.7,38.7,38.7,38.7,38.7,39.25,38.7,38.7,38.7,39.25,38.7,38.7,38.7,38.7,38.7,38.7,38.7,38.7,39.25,38.7,38.7,38.7,38.7,38.7,38.7,38.7,38.7,38.7,38.7,38.7,38.7,39.25,38.7,38.7,38.7,38.7,38.7,38.7,39.25,38.7,38.7,38.7,38.7,38.7,38.7,38.7,38.7,39.25,38.7,38.7,39.25,39.25,38.7,38.7,38.7,39.25,39.25,38.7,39.25,39.25,39.25,39.25,39.25,38.7,38.7,38.7,38.7,38.7,39.25,38.7,39.25,38.7,38.7,39.25,39.25,39.25,39.25,39.25,38.7,38.7,39.25,38.7,39.25,38.7,39.25,39.25,38.7,38.7,38.7,38.7,39.25,39.25,38.7,38.7,39.25,38.7,39.25,38.7,38.7
3,34.23,34.23,34.23,34.23,34.23,34.23,34.23,34.23,34.79,34.23,34.79,34.79,34.23,34.79,34.79,34.79,34.79,34.79,34.79,35.34,35.34,34.79,35.34,34.79,35.34,35.34,35.34,35.34,34.79,35.34,35.34,35.34,35.34,35.34,35.34,35.34,35.34,35.34,35.34,35.9,35.9,35.9,35.34,35.9,35.9,35.9,35.9,35.9,35.9,35.9,36.46,36.46,36.46,35.9,36.46,36.46,36.46,36.46,36.46,35.9,36.46,35.9,36.46,36.46,36.46,36.46,36.46,36.46,36.46,36.46,36.46,37.02,36.46,36.46,37.02,36.46,36.46,37.02,36.46,36.46,36.46,37.02,36.46,36.46,36.46,37.02,37.02,37.02,37.02,37.02,37.02,37.02,36.46,37.02,36.46,37.02,37.02,37.02,37.02,37.02,36.46
3,37.58,37.58,37.58,37.58,38.14,37.58,38.14,38.14,38.14,38.14,38.14,37.58,38.14,38.14,37.58,38.14,38.14,37.58,38.14,38.14,38.14,38.14,38.7,38.14,38.14,38.14,38.7,38.14,38.14,38.14,38.14,38.14,38.14,38.14,38.14,38.7,38.14,38.7,38.7,38.14,38.14,38.7,38.7,38.7,38.7,38.7,38.7,38.7,38.7,38.7,38.7,38.7,38.7,38.7,38.7,38.7,38.7,38.7,38.7,38.7,38.7,38.7,38.7,38.7,39.25,38.7,38.7,38.7,38.7,38.7,38.7,39.25,38.7,38.7,38.7,38.7,38.7,38.7,39.25,38.7,38.7,38.7,38.7,38.7,39.25,39.25,38.7,39.25,39.25,39.25,39.25,39.25,39.25,38.7,39.25,39.25,39.25,38.7,38.7,38.7,38.7
3,39.25,39.81,39.25,39.25,39.25,39.25,39.25,39.25,39.25,39.25,39.25,39.81,39.81,39.25,39.81,39.25,39.81,39.25,39.25,39.25,39.25,39.25,39.25,39.81,39.81,39.25,39.81,39.81,39.25,39.81,39.25,39.25,39.25,39.81,39.25,39.81,39.81,39.81,39.81,39.25,39.81,39.25,39.81,39.81,39.25,39.81,39.81,39.81,39.81,39.81,39.81,39.81,39.81,39.81,39.81,39.81,39.81,39.81,39.81,39.81,39.81,39.81,39.81,39.81,39.81,39.81,39.81,39.81,39.81,39.81,39.81,39.81,39.81,39.81,39.81,39.81,39.81,39.81,39.81,39.81,39.81,39.81,39.81,39.81,39.81,39.81,39.81,39.81,39.81,39.81,39.81,39.81,39.81,39.81,39.81,39.81,39.81,39.81,39.81,39.81,39.81
3,39.81,39.81,39.81,39.81,40.37,39.81,39.81,40.37,39.81,39.81,40.37,40.37,40.37,40.37,39.81,40.37,39.81,39.81,40.37,39.81,39.81,40.37,40.93,39.81,40.37,40.37,40.37,40.37,39.81,40.37,39.81,40.37,39.81,39.81,39.81,40.93,40.37,40.37,40.37,39.81,39.81,39.81,40.37,40.37,39.81,39.81,40.37,39.81,39.81,40.37,39.81,39.81,39.81,40.37,40.37,40.37,39.81,39.81,40.37,40.37,40.37,40.37,39.81,40.37,40.37,39.81,39.81,39.81,40.37,39.81,40.37,40.37,40.37,40.37,40.37,39.81,40.37,40.37,40.37,40.37,40.37,40.37,40.37,39.81,39.81,40.37,40.37,40.93,40.37,40.37,40.37,40.37,40.37,40.37,40.37,40.37,40.37,40.37,40.37,39.81,40.37
3,40.37,40.37,40.93,40.37,40.93,40.37,40.93,40.93,40.93,40.93,40.37,40.37,40.93,40.37,40.93,40.37,40.37,40.37,40.93,40.93,40.37,40.37,40.93,40.93,40.93,40.93,40.93,40.93,40.37,40.93,40.93,40.37,40.93,40.93,40.93,40.37,40.93,40.37,40.93,40.93,40.93,40.37,40.93,40.93,40.93,40.93,40.93,40.37,40.37,40.37,40.93,40.93,40.93,40.93,40.37,40.37,40.93,40.93,40.93,40.93,40.93,40.93,40.93,40.93,40.93,40.93,40.93,40.93,40.93,40.93,40.93,40.93,40.93,40.93,40.93,40.93,40.93,40.93,40.93,40.93,40.37,40.37,40.37,40.93,40.93,40.93,40.93,40.93,40.93,40.93,40.37,40.37,40.93,40.93,40.93,40.93,40.93,40.93,40.93,40.93,40.93
3,40.93,40.93,40.93,40.93,40.93,40.93,40.93,40.93,40.93,40.93,40.93,40.93,40.93,40.93,40.93,40.93,40.37,40.37,40.93,40.93,40.37,40.93,40.93,40.93,40.93,40.93,40.93,40.93,40.93,40.93,40.37,40.93,40.93,40.37,40.93,40.93,40.93,40.93,40.93,40.93,40.93,40.93,40.93,40.93,40.93,40.93,40.93,40.93,40.93,40.93,40.37,40.93,40.93,40.93,40.93,40.93,40.93,40.93,40.93,40.93,40.93,40.93,40.93,40.93,40.93,40.93,40.93,40.93,40.93,40.93,40.93,40.93,40.93,40.93,40.93,40.93,40.93,40.93,40.93,40.93,40.93,40.93,40.93,40.93,40.93,40.93,40.93,40.93,40.93,40.93,40.93,40.93,40.93,40.93,40.93,40.93,40.37,40.93,40.93,40.93,40.93
3,40.93,40.93,40.93,40.93,40.93,40.93,40.93,40.93,40.93,40.93,40.93,40.93,40.93,40.93,40.93,40.93,40.93,40.93,40.93,40.93,40.93,40.93,40.93,40.93,40.93,40.93,40.93,40.93,40.93,40.93,40.93,40.93,40.93,40.93,40.93,40.93,40.93,40.93,40.93,40.93,40.93,40.93,40.93,40.93,40.93,40.93,40.93,40.93,40.93,40.93,40.93,40.93,40.93,40.93,40.93,40.93,40.93,40.93,40.93,40.93,40.93,40.93,40.93,40.93,40.93,40.93,40.93,40.93,40.93,40.93,40.93,40.93,40.93,40.93,40.93,40.93,40.93,40.93,40.93,41.49,40.93,40.93,40.93,40.93,40.93,40.93,40.93,40.93,40.93,40.93,40.93,40.93,40.93,40.93,40.93,40.93,40.93,40.93,40.93,40.93,40.93
3,40.93,40.37,40.93,40.93,40.93,40.93,40.93,40.93,40.93,41.49,40.93,40.93,40.93,40.93,40.93,40.93,40.93,40.93,40.93,40.93,40.93,40.93,40.93,40.93,40.93,40.93,40.93,40.93,40.93,40.93,40.93,40.93,40.93,40.93,40.93,40.93,41.49,40.93,40.93,40.93,41.49,41.49,41.49,40.93,41.49,41.49,40.93,41.49,41.49,40.93,41.49,40.93,40.93,40.93,40.93,41.49,40.93,41.49,40.93,40.93,41.49,41.49,40.93,41.49,41.49,40.93,40.93,40.93,40.93,41.49,41.49,40.93,41.49,41.49,40.93,40.93,40.93,41.49,40.93,40.93,40.93,40.93,40.93,41.49,41.49,40.93,40.93,40.93,40.93,41.49,40.93,40.93,40.93,40.93,40.93,40.93,41.49,41.49,40.93,40.93,41.49
3,41.49,40.93,40.93,40.93,41.49,41.49,40.93,40.93,40.93,41.49,41.49,40.93,40.93,40.93,40.93,41.49,40.93,41.49,40.93,41.49,40.93,41.49,40.93,40.93,40.93,40.93,40.93,40.93,41.49,40.93,40.93,41.49,40.93,40.93,40.93,40.93,41.49,40.93,41.49,40.93,41.49,40.93,40.93,40.93,40.93,40.93,40.93,41.49,40.93,40.93,40.93,41.49,40.93,40.93,41.49,40.93,41.49,40.93,40.93,40.93,41.49,40.93,40.93,40.93,40.93,40.93,40.93,40.93,41.49,40.93,41.49,40.93,41.49,40.93,40.93,40.93,41.49,40.93,41.49,40.93,41.49,41.49,40.93,41.49,40.93,40.93,40.93,40.93,41.49,40.93,40.93,41.49,40.93,40.93,41.49,40.93,40.93,41.49,41.49,40.93,40.93
3,41.49,41.49,40.93,40.93,40.93,40.93,40.93,40.93,41.49,41.49,40.93,41.49,41.49,40.93,40.93,40.93,40.93,40.93,40.93,40.93,40.93,40.93,40.93,40.93,40.93,40.93,40.93,40.93,40.93,40.93,40.93,40.93,40.93,40.93,40.93,41.49,40.93,40.93,40.93,40.93,40.93,40.93,40.93,40.93,40.93,40.93,40.93,40.93,40.93,41.49,40.93,40.93,40.93,40.93,40.93,40.93,41.49,40.93,40.93,40.93,40.93,40.93,41.49,40.93,40.93,40.93,41.49,40.93,41.49,40.93,41.49,40.93,40.93,40.93,40.93,40.93,40.93,40.93,40.93,40.93,40.93,40.93,40.93,40.93,40.93,41.49,41.49,40.93,40.93,40.93,40.93,40.93,40.93,40.93,41.49,40.93,40.93,40.93,41.49,40.93,40.93
3,40.93,40.93,40.93,40.93,40.93,40.93,40.93,40.93,40.93,40.93,40.93,40.93,40.93,40.93,40.93,40.93,40.93,40.93,40.93,40.93,41.49,40.93,40.93,40.93,40.93,40.93,40.93,40.93,40.93,41.49,40.93,40.93,40.93,40.93,40.93,40.93,40.93,40.93,40.93,41.49,40.93,40.93,40.93,40.93,40.93,41.49,40.93,40.93,40.93,40.93,41.49,40.93,40.93,40.93,40.93,40.93,40.93,40.93,40.93,40.93,40.93,40.93,40.93,40.93,40.93,40.93,40.93,40.93,40.93,40.93,40.93,40.93,40.93,40.93,40.93,40.93,40.93,40.93,40.93,40.93,40.93,40.93,40.93,40.93,40.93,40.93,40.93,40.93,40.93,40.93,40.93,40.93,41.49,40.93,40.93,40.93,40.93,40.93,40.93,40.93,40.93
3,40.93,41.49,41.49,40.93,40.93,40.93,40.93,41.49,40.93,40.93,40.93,40.93,40.93,40.93,40.93,40.93,40.93,41.49,41.49,40.93,40.93,40.93,40.93,41.49,40.93,40.93,40.93,40.93,40.93,40.93,40.93,40.93,40.93,40.93,40.93,40.93,40.93,40.93,40.93,40.93,40.93,40.93,40.93,40.93,40.93,40.93,40.93,40.93,40.93,40.93,40.93,41.49,40.93,40.93,40.93,40.93,40.93,41.49,40.93,40.93,40.93,40.93,40.93,40.93,40.93,40.93,40.93,40.93,40.93,40.93,40.93,40.93,40.93,40.93,40.93,40.93,41.49,41.49,41.49,40.93,40.93,40.93,40.93,40.93,40.93,41.49,41.49,40.93,40.93,40.93,40.93,40.93,40.93,41.49,41.49,41.49,40.93,40.93,40.93,40.93,40.93
3,40.93,40.93,40.93,40.93,40.93,40.93,40.93,40.93,40.93,40.93,40.93,40.93,40.93,40.93,40.93,40.93,40.93,40.93,40.93,40.93,40.93,40.93,40.93,40.93,40.93,40.93,40.93,40.93,40.93,40.93,40.93,40.93,40.93,40.93,40.93,40.93,40.93,40.93,40.37,40.93,40.93,40.93,40.93,40.93,40.93,40.93,40.93,40.93,40.93,40.93,40.93,40.93,40.93,40.93,40.93,40.93,40.93,40.93,40.93,40.93,40.93,40.93,40.93,40.93,40.93,40.93,40.93,40.93,40.93,40.93,40.93,40.93,40.93,40.93,40.93,40.93,40.93,40.93,40.93,40.93,40.93,40.93,40.93,40.93,40.93,40.93,40.93,40.93,40.93,40.93,40.93,40.93,40.93,40.93,40.93,40.93,40.93,40.93,40.93,40.93,40.93
3,40.93,40.93,40.93,40.93,40.93,40.93,40.93,40.93,40.93,40.93,40.93,40.93,40.93,40.93,40.93,40.93,40.93,40.93,40.93,40.93,40.93,40.93,40.93,40.93,40.93,40.37,40.93,40.93,40.93,40.93,40.93,40.93,40.93,40.93,40.93,40.93,40.93,40.93,40.93,40.93,40.93,40.93,40.93,40.93,40.93,41.49,40.93,40.93,40.93,40.93,40.93,40.93,40.93,40.93,40.93,40.93,40.93,40.93,40.93,40.93,40.93,40.93,40.93,40.93,40.93,40.93,40.93,40.93,40.93,40.93,40.93,40.93,40.93,40.93,40.93,40.93,40.93,40.93,40.93,40.93,40.93,40.93,40.93,40.93,40.93,40.93,40.93,40.93,40.93,40.93,40.93,40.93,40.93,40.93,40.93,40.93,40.93,40.93,40.93,40.93,40.93
3,40.93,40.93,40.93,40.93,40.93,40.93,40.93,40.93,40.93,40.93,40.93,40.93,40.93,40.93,40.93,40.93,40.93,40.93,40.93,40.93,40.93,40.93,40.93,40.93,40.93,40.93,40.37,40.93,40.37,40.93,40.93,40.93,40.93,40.93,40.93,40.93,40.93,40.93,40.93,40.93,40.93,40.93,40.93,40.93,40.93,40.93,40.93,40.93,40.93,40.93,40.93,40.93,40.93,40.93,40.93,40.93,40.93,40.93,40.93,40.93,40.93,40.93,40.93,40.93,40.93,40.93,40.93,40.93,40.93,40.93,40.93,40.93,40.93,40.93,40.93,40.93,40.93,40.93,40.93,40.93,40.93,40.93,40.93,40.93,40.93,40.93,40.93,40.93,40.93,40.93,40.93,40.93,40.93,40.93,40.93,40.93,40.93,40.93,40.93,40.93,40.93
3,40.93,40.93,40.93,40.93,40.93,40.93,40.93,40.93,40.93,40.93,40.93,40.93,40.93,40.93,40.93,40.93,40.93,40.93,40.37,40.93,40.93,40.93,40.93,40.93,40.93,40.93,40.93,40.93,40.93,40.93,40.93,40.93,40.93,40.93,40.93,40.93,40.93,40.93,40.93,40.93,40.93,40.93,40.93,40.93,40.93,40.93,40.93,40.93,40.93,40.93,40.93,40.93,40.93,40.93,40.93,40.93,40.93,40.93,40.93,40.93,40.93,40.93,40.93,40.93,40.93,40.93,40.93,40.93,40.93,40.93,40.93,40.93,41.49,40.93,40.93,40.93,41.49,40.93,40.93,40.93,40.93,40.93,40.93,40.93,40.93,40.93,40.93,40.93,40.93,40.93,40.93,40.93,40.93,40.93,40.93,40.93,40.93,40.93,40.93,40.93,40.93
3,40.93,40.93,41.49,40.93,40.93,40.93,40.93,40.93,40.93,41.49,40.93,40.93,40.93,40.93,40.93,40.93,40.93,40.93,40.93,40.93,40.93,40.93,40.93,40.93,40.93,41.49,40.93,40.93,40.93,40.93,40.93,40.93,40.93,41.49,40.93,40.93,40.93,40.93,40.93,40.93,40.93,40.93,40.93,40.93,40.93,40.93,40.93,40.93,40.93,40.93,40.93,40.93,40.93,40.93,40.93,40.93,40.93,41.49,40.93,41.49,40.93,40.93,40.93,40.93,41.49,40.93,40.93,40.93,40.93,41.49,40.93,40.93,40.93,40.93,40.93,40.93,40.93,40.93,40.93,40.93,40.93,40.93,40.93,40.93,41.49,41.49,40.93,40.93,40.93,40.93,40.93,40.93,40.93,40.93,40.93,40.93,40.93,40.93,40.93,40.93,41.49
3,40.93,40.93,40.93,40.93,40.93,40.93,40.93,40.93,40.93,40.93,40.93,40.93,40.93,40.93,40.93,40.93,40.93,40.93,41.49,40.93,40.93,40.93,40.93,40.93,40.93,40.93,40.93,40.93,40.93,40.93,40.93,40.93,40.93,40.93,40.93,40.93,40.93,40.93,40.93,40.93,40.93,40.93,40.93,40.93,40.93,40.93,41.49,40.93,40.93,40.93,40.93,40.93,40.93,40.93,40.93,40.93,41.49,40.93,40.93,40.93,40.93,41.49,40.93,40.93,40.93,40.93,41.49,40.93,40.93,40.93,40.93,40.93,40.93,40.93,40.93,40.93,40.93,40.93,40.93,40.93,40.93,40.93,40.93,40.93,40.93,40.93,40.93,40.93,40.93,40.93,40.93,40.93,40.93,40.93,40.93,40.93,40.93,40.93,40.93,41.49,40.93
3,40.93,40.93,40.93,40.93,40.93,40.93,40.93,41.49,40.93,40.93,40.93,40.93,40.93,40.93,40.93,40.93,40.93,40.93,40.93,40.93,40.93,40.93,40.93,40.93,40.93,40.93,40.93,40.93,40.93,40.93,40.93,40.93,40.93,40.93,40.93,41.49,40.93,40.93,40.93,40.93,40.93,40.93,40.93,40.93,40.93,40.93,40.93,40.93,40.93,40.93,40.93,40.93,40.93,40.93,40.93,40.93,40.93,40.93,40.93,40.93,40.93,41.49,40.93,41.49,40.93,40.93,40.93,40.93,40.93,40.93,40.93,40.93,40.93,40.93,40.93,40.93,40.93,40.93,40.93,40.93,40.93,40.93,40.93,40.93,40.93,40.93,40.93,40.93,40.93,40.93,40.93,41.49,40.93,40.93,40.93,40.93,40.93,40.93,41.49,40.93,40.93
3,40.93,40.93,40.93,40.93,41.49,40.93,40.93,40.93,40.93,40.93,40.93,40.93,41.49,40.93,40.93,40.93,40.93,40.93,40.93,41.49,40.93,41.49,40.93,40.93,40.93,40.93,41.49,40.93,40.93,40.93,40.93,40.93,40.93,40.93,40.93,40.93,41.49,40.93,40.93,40.93,40.93,40.93,40.93,41.49,41.49,40.93,40.93,40.93,40.93,40.93,40.93,40.93,40.93,40.93,41.49,40.93,40.93,40.93,40.93,40.93,40.93,40.93,40.93,40.93,40.93,40.93,40.93,40.93,40.93,40.93,40.93,40.93,40.93,40.93,40.93,40.93,40.93,40.93,40.93,40.93,40.93,40.93,40.93,40.93,40.93,40.93,40.93,40.93,41.49,40.93,40.93,40.93,40.93,40.93,40.93,40.93,40.93,40.93,40.93,40.93,40.93
4,35.78,35.78,35.78,35.78,35.78,35.78,35.78,35.78,35.78,35.78,35.78,35.78,35.78,35.78,34.96,35.78,35.78,35.78,35.78,35.78,35.78,35.78,35.78,35.78,35.78,36.6,35.78,35.78,36.6,35.78,35.78,35.78,35.78,35.78,35.78,34.96,35.78,36.6,35.78,35.78,35.78,35.78,35.78,35.78,35.78,35.78,35.78,36.6,34.96,35.78,35.78,35.78,35.78,35.78,35.78,35.78,35.78,35.78,35.78,35.78,35.78,35.78,35.78,35.78,35.78,35.78,35.78,35.78,35.78,35.78,35.78,34.96,35.78,35.78,35.78,35.78,35.78,35.78,35.78,35.78,35.78,35.78,35.78,35.78,35.78,35.78,35.78,35.78,35.78,35.78,36.6,35.78,35.78,35.78,35.78,36.6,35.78,35.78,35.78,35.78,35.78
4,35.78,35.78,35.78,35.78,34.96,35.78,35.78,35.78,35.78,35.78,36.6,35.78,35.78,35.78,35.78,35.78,36.6,35.78,35.78,35.78,35.78,36.6,35.78,35.78,35.78,35.78,35.78,35.78,36.6,35.78,35.78,36.6,36.6,35.78,35.78,35.78,35.78,36.6,35.78,35.78,35.78,35.78,35.78,35.78,35.78,35.78,35.78,35.78,35.78,35.78,35.78,35.78,35.78,35.78,35.78,35.78,35.78,35.78,35.78,35.78,35.78,35.78,36.6,35.78,35.78,35.78,35.78,35.78,35.78,35.78,35.78,35.78,35.78,35.78,35.78,35.78,35.78,35.78,35.78,35.78,36.6,35.78,35.78,35.78,35.78,35.78,35.78,35.78,35.78,35.78,36.6,35.78,35.78,35.78,35.78,35.78,35.78,36.6,35.78,35.78,35.78
4,36.6,35.78,35.78,35.78,35.78,35.78,35.78,35.78,35.78,35.78,35.78,35.78,35.78,35.78,35.78,35.78,35.78,35.78,35.78,35.78,35.78,35.78,35.78,35.78,35.78,35.78,35.78,35.78,35.78,35.78,35.78,35.78,35.78,35.78,35.78,35.78,36.6,35.78,35.78,35.78,35.78,35.78,35.78,35.78,35.78,35.78,36.6,35.78,36.6,35.78,35.78,35.78,36.6,35.78,35.78,35.78,35.78,35.78,35.78,36.6,35.78,35.78,35.78,35.78,35.78,36.6,35.78,35.78,35.78,35.78,35.78,35.78,35.78,35.78,35.78,35.78,35.78,35.78,36.6,35.78,35.78,35.78,35.78,36.6,35.78,35.78,35.78,35.78,36.6,35.78,36.6,35.78,36.6,35.78,35.78,35.78,35.78,36.6,35.78,35.78,35.78
4,35.78,35.78,36.6,36.6,35.78,35.78,35.78,35.78,36.6,35.78,35.78,35.78,36.6,35.78,35.78,36.6,36.6,35.78,35.78,35.78,35.78,35.78,35.78,35.78,35.78,36.6,35.78,36.6,35.78,36.6,35.78,35.78,35.78,35.78,36.6,35.78,35.78,36.6,35.78,35.78,35.78,35.78,36.6,35.78,35.78,36.6,35.78,36.6,35.78,35.78,36.6,35.78,35.78,35.78,35.78,35.78,35.78,35.78,35.78,36.6,35.78,36.6,35.78,35.78,35.78,35.78,35.78,35.78,35.78,35.78,35.78,36.6,35.78,35.78,35.78,36.6,35.78,35.78,35.78,36.6,35.78,36.6,35.78,35.78,35.78,35.78,36.6,35.78,35.78,36.6,35.78,35.78,36.6,36.6,35.78,35.78,35.78,35.78,36.6,35.78,35.78
4,35.78,36.6,36.6,35.78,35.78,36.6,36.6,35.78,36.6,35.78,35.78,35.78,35.78,35.78,35.78,36.6,36.6,36.6,36.6,36.6,35.78,35.78,36.6,36.6,36.6,35.78,35.78,36.6,36.6,36.6,35.78,35.78,35.78,35.78,35.78,36.6,36.6,35.78,36.6,35.78,35.78,35.78,36.6,35.78,36.6,36.6,35.78,35.78,36.6,36.6,35.78,35.78,35.78,35.78,35.78,35.78,35.78,35.78,35.78,35.78,35.78,35.78,35.78,35.78,35.78,35.78,36.6,35.78,36.6,36.6,35.78,35.78,35.78,36.6,35.78,36.6,35.78,35.78,35.78,35.78,36.6,35.78,35.78,36.6,35.78,35.78,35.78,35.78,35.78,36.6,35.78,35.78,35.78,35.78,35.78,35.78,36.6,35.78,35.78,36.6,35.78
4,35.78,35.78,36.6,36.6,35.78,36.6,35.78,35.78,36.6,35.78,35.78,36.6,35.78,35.78,36.6,35.78,36.6,36.6,35.78,36.6,35.78,35.78,35.78,36.6,35.78,35.78,36.6,35.78,36.6,35.78,35.78,35.78,36.6,36.6,35.78,36.6,36.6,35.78,35.78,35.78,35.78,35.78,36.6,35.78,35.78,35.78,36.6,35.78,36.6,35.78,35.78,36.6,36.6,35.78,35.78,36.6,36.6,35.78,35.78,36.6,35.78,35.78,35.78,35.78,36.6,36.6,36.6,35.78,35.78,36.6,35.78,35.78,35.78,36.6,36.6,36.6,36.6,35.78,36.6,35.78,36.6,36.6,35.78,36.6,35.78,35.78,35.78,36.6,35.78,35.78,36.6,36.6,36.6,35.78,36.6,35.78,36.6,35.78,36.6,35.78,36.6
4,36.6,35.78,36.6,36.6,35.78,36.6,35.78,35.78,36.6,35.78,35.78,35.78,36.6,35.78,35.78,36.6,36.6,36.6,35.78,36.6,36.6,36.6,36.6,36.6,36.6,36.6,36.6,36.6,36.6,35.78,36.6,36.6,35.78,36.6,36.6,35.78,36.6,36.6,35.78,35.78,36.6,35.78,35.78,35.78,36.6,36.6,36.6,36.6,36.6,35.78,36.6,36.6,35.78,35.78,36.6,35.78,36.6,36.6,35.78,36.6,36.6,35.78,35.78,35.78,36.6,35.78,35.78,36.6,36.6,36.6,36.6,36.6,36.6,35.78,35.78,35.78,36.6,35.78,36.6,36.6,36.6,36.6,36.6,36.6,36.6,36.6,35.78,36.6,36.6,36.6,35.78,36.6,36.6,36.6,35.78,36.6,36.6,35.78,36.6,35.78,35.78
4,36.6,36.6,35.78,36.6,36.6,35.78,36.6,36.6,36.6,36.6,36.6,35.78,35.78,35.78,36.6,36.6,36.6,36.6,36.6,36.6,36.6,36.6,35.78,36.6,36.6,36.6,36.6,36.6,36.6,36.6,35.78,36.6,35.78,36.6,36.6,36.6,36.6,36.6,36.6,36.6,36.6,36.6,36.6,35.78,36.6,35.78,36.6,36.6,36.6,36.6,35.78,36.6,36.6,35.78,36.6,36.6,35.78,36.6,36.6,36.6,36.6,36.6,36.6,36.6,35.78,36.6,35.78,36.6,36.6,35.78,36.6,36.6,36.6,35.78,36.6,36.6,36.6,36.6,36.6,36.6,36.6,36.6,36.6,35.78,35.78,36.6,35.78,35.78,36.6,36.6,36.6,36.6,35.78,36.6,36.6,35.78,35.78,36.6,35.78,36.6,36.6
4,36.6,35.78,36.6,36.6,36.6,36.6,36.6,36.6,36.6,36.6,35.78,36.6,36.6,35.78,36.6,36.6,36.6,36.6,36.6,35.78,36.6,35.78,36.6,36.6,36.6,36.6,35.78,36.6,35.78,35.78,36.6,36.6,36.6,35.78,36.6,35.78,36.6,36.6,36.6,36.6,36.6,35.78,36.6,36.6,36.6,36.6,36.6,36.6,35.78,35.78,36.6,36.6,36.6,36.6,36.6,36.6,36.6,36.6,36.6,36.6,36.6,36.6,36.6,35.78,35.78,36.6,36.6,36.6,36.6,36.6,35.78,36.6,36.6,36.6,35.78,36.6,35.78,35.78,36.6,35.78,35.78,36.6,36.6,36.6,36.6,35.78,36.6,36.6,36.6,35.78,36.6,36.6,36.6,36.6,35.78,36.6,35.78,36.6,36.6,36.6,36.6
4,36.6,36.6,36.6,36.6,36.6,36.6,36.6,35.78,36.6,36.6,36.6,36.6,36.6,35.78,36.6,36.6,36.6,36.6,36.6,36.6,36.6,36.6,35.78,36.6,36.6,36.6,36.6,36.6,36.6,36.6,36.6,36.6,36.6,36.6,36.6,36.6,36.6,36.6,36.6,36.6,36.6,36.6,35.78,36.6,36.6,36.6,36.6,36.6,36.6,36.6,36.6,36.6,36.6,36.6,36.6,36.6,36.6,36.6,36.6,36.6,36.6,36.6,36.6,35.78,36.6,36.6,35.78,36.6,36.6,36.6,36.6,36.6,36.6,36.6,36.6,36.6,36.6,36.6,35.78,36.6,36.6,35.78,36.6,36.6,36.6,36.6,36.6,36.6,36.6,36.6,36.6,36.6,36.6,36.6,36.6,36.6,36.6,36.6,35.78,36.6,35.78
4,35.78,35.78,35.78,35.78,35.78,35.78,35.78,35.78,35.78,35.78,35.78,35.78,35.78,35.78,35.78,35.78,35.78,35.78,35.78,35.78,35.78,35.78,35.78,35.78,35.78,35.78,35.78,35.78,35.78,35.78,35.78,35.78,35.78,35.78,34.96,35.78,34.96,35.78,35.78,35.78,35.78,35.78,35.78,35.78,35.78,35.78,35.78,35.78,35.78,35.78,34.96,35.78,35.78,35.78,35.78,35.78,35.78,35.78,35.78,35.78,35.78,35.78,35.78,35.78,35.78,35.78,35.78,35.78,35.78,35.78,35.78,35.78,35.78,35.78,35.78,35.78,35.78,35.78,36.6,35.78,35.78,35.78,35.78,35.78,35.78,35.78,35.78,35.78,35.78,35.78,35.78,35.78,35.78,35.78,35.78,35.78,35.78,35.78,35.78,35.78,35.78
4,36.6,35.78,35.78,35.78,35.78,35.78,35.78,35.78,36.6,35.78,35.78,35.78,35.78,35.78,35.78,35.78,36.6,35.78,36.6,35.78,35.78,35.78,35.78,36.6,35.78,35.78,35.78,36.6,35.78,35.78,35.78,35.78,35.78,35.78,35.78,35.78,35.78,36.6,35.78,35.78,35.78,35.78,36.6,35.78,35.78,36.6,35.78,35.78,35.78,35.78,35.78,35.78,35.78,35.78,35.78,35.78,36.6,35.78,35.78,35.78,35.78,35.78,35.78,35.78,35.78,36.6,35.78,35.78,35.78,35.78,35.78,36.6,35.78,36.6,35.78,35.78,36.6,36.6,35.78,35.78,36.6,35.78,36.6,35.78,35.78,36.6,36.6,36.6,36.6,36.6,35.78,36.6,36.6,36.6,36.6,35.78,35.78,36.6,36.6,36.6,36.6
4,36.6,36.6,36.6,36.6,36.6,35.78,36.6,36.6,36.6,36.6,36.6,36.6,36.6,36.6,36.6,35.78,36.6,36.6,35.78,36.6,36.6,36.6,35.78,36.6,36.6,36.6,36.6,36.6,36.6,35.78,36.6,36.6,36.6,35.78,36.6,35.78,35.78,36.6,36.6,36.6,36.6,36.6,35.78,36.6,36.6,36.6,36.6,36.6,36.6,36.6,36.6,36.6,36.6,36.6,36.6,36.6,36.6,36.6,36.6,36.6,36.6,36.6,35.78,36.6,36.6,36.6,36.6,36.6,36.6,36.6,36.6,36.6,36.6,36.6,36.6,36.6,36.6,36.6,36.6,36.6,36.6,36.6,36.6,36.6,36.6,36.6,36.6,36.6,36.6,36.6,36.6,36.6,36.6,36.6,36.6,36.6,36.6,36.6,36.6,36.6,36.6
4,36.6,36.6,36.6,35.78,36.6,36.6,36.6,36.6,36.6,36.6,36.6,36.6,36.6,36.6,36.6,36.6,36.6,36.6,36.6,36.6,36.6,36.6,36.6,36.6,36.6,36.6,36.6,36.6,36.6,36.6,36.6,36.6,36.6,36.6,36.6,36.6,36.6,36.6,36.6,36.6,36.6,36.6,36.6,35.78,36.6,36.6,37.42,36.6,36.6,36.6,36.6,36.6,36.6,36.6,36.6,36.6,36.6,36.6,36.6,36.6,36.6,36.6,36.6,36.6,36.6,36.6,36.6,36.6,36.6,36.6,36.6,36.6,36.6,36.6,36.6,36.6,36.6,36.6,36.6,36.6,36.6,36.6,36.6,36.6,36.6,36.6,36.6,36.6,36.6,36.6,36.6,36.6,36.6,36.6,36.6,36.6,36.6,36.6,36.6,36.6,36.6
4,36.6,36.6,36.6,36.6,37.42,36.6,36.6,36.6,36.6,36.6,36.6,36.6,36.6,36.6,36.6,36.6,36.6,37.42,36.6,36.6,36.6,36.6,36.6,36.6,36.6,36.6,36.6,36.6,36.6,36.6,36.6,36.6,36.6,36.6,36.6,36.6,36.6,36.6,36.6,36.6,36.6,36.6,36.6,36.6,36.6,36.6,36.6,36.6,36.6,36.6,36.6,36.6,36.6,36.6,36.6,36.6,36.6,36.6,36.6,36.6,36.6,37.42,37.42,37.42,36.6,36.6,36.6,36.6,36.6,36.6,36.6,36.6,36.6,36.6,36.6,36.6,36.6,36.6,36.6,36.6,36.6,36.6,36.6,36.6,36.6,36.6,36.6,36.6,36.6,36.6,36.6,36.6,36.6,36.6,36.6,36.6,36.6,36.6,36.6,36.6,36.6
4,36.6,36.6,36.6,36.6,36.6,36.6,36.6,36.6,36.6,36.6,37.42,36.6,37.42,36.6,36.6,36.6,36.6,36.6,36.6,36.6,36.6,36.6,36.6,36.6,36.6,37.42,36.6,36.6,36.6,36.6,37.42,36.6,36.6,36.6,37.42,36.6,37.42,37.42,36.6,36.6,36.6,37.42,36.6,37.42,36.6,36.6,36.6,36.6,37.42,36.6,37.42,37.42,36.6,36.6,36.6,37.42,36.6,36.6,36.6,36.6,37.42,36.6,36.6,36.6,36.6,36.6,36.6,36.6,36.6,37.42,36.6,36.6,36.6,36.6,37.42,36.6,36.6,36.6,36.6,36.6,37.42,36.6,36.6,37.42,36.6,37.42,37.42,36.6,37.42,36.6,36.6,37.42,36.6,36.6,37.42,36.6,37.42,36.6,36.6,37.42,36.6
4,36.6,36.6,36.6,36.6,36.6,37.42,36.6,37.42,36.6,36.6,36.6,36.6,36.6,37.42,37.42,36.6,36.6,36.6,37.42,36.6,36.6,36.6,37.42,36.6,37.42,36.6,36.6,36.6,36.6,36.6,36.6,37.42,37.42,36.6,36.6,37.42,37.42,36.6,36.6,37.42,36.6,37.42,36.6,37.42,37.42,36.6,36.6,37.42,36.6,36.6,36.6,36.6,37.42,36.6,37.42,36.6,36.6,37.42,37.42,37.42,37.42,36.6,37.42,36.6,36.6,37.42,36.6,37.42,37.42,36.6,36.6,36.6,37.42,36.6,36.6,36.6,36.6,37.42,36.6,36.6,36.6,36.6,36.6,36.6,36.6,37.42,37.42,37.42,36.6,36.6,37.42,36.6,36.6,37.42,36.6,37.42,36.6,37.42,36.6,36.6,36.6
4,36.6,36.6,36.6,37.42,37.42,37.42,36.6,37.42,36.6,36.6,37.42,36.6,36.6,37.42,36.6,37.42,36.6,36.6,36.6,37.42,36.6,36.6,37.42,37.42,36.6,37.42,36.6,37.42,36.6,36.6,36.6,36.6,36.6,36.6,36.6,36.6,36.6,37.42,36.6,36.6,37.42,36.6,36.6,37.42,37.42,36.6,37.42,37.42,36.6,37.42,37.42,37.42,36.6,37.42,37.42,36.6,37.42,36.6,36.6,37.42,37.42,36.6,37.42,36.6,36.6,36.6,36.6,37.42,37.42,37.42,36.6,37.42,36.6,36.6,36.6,37.42,37.42,37.42,37.42,36.6,37.42,37.42,36.6,36.6,37.42,37.42,36.6,37.42,36.6,37.42,37.42,37.42,37.42,37.42,37.42,37.42,36.6,36.6,37.42,37.42,37.42
4,37.42,36.6,36.6,37.42,37.42,37.42,37.42,37.42,37.42,36.6,36.6,36.6,37.42,37.42,37.42,37.42,36.6,37.42,36.6,37.42,36.6,36.6,37.42,37.42,37.42,37.42,36.6,36.6,36.6,37.42,37.42,37.42,36.6,37.42,37.42,37.42,37.42,37.42,37.42,36.6,37.42,37.42,37.42,36.6,37.42,37.42,37.42,36.6,36.6,36.6,36.6,37.42,37.42,37.42,37.42,37.42,36.6,36.6,37.42,36.6,37.42,37.42,37.42,36.6,36.6,37.42,37.42,36.6,37.42,36.6,37.42,37.42,37.42,37.42,37.42,37.42,37.42,36.6,36.6,37.42,36.6,37.42,37.42,37.42,36.6,36.6,36.6,36.6,37.42,37.42,36.6,37.42,36.6,36.6,37.42,37.42,36.6,36.6,37.42,37.42,37.42
4,37.42,37.42,37.42,37.42,37.42,36.6,36.6,36.6,37.42,37.42,36.6,37.42,37.42,36.6,37.42,37.42,37.42,37.42,36.6,36.6,36.6,37.42,37.42,36.6,37.42,37.42,37.42,37.42,37.42,36.6,37.42,36.6,36.6,36.6,36.6,37.42,37.42,36.6,37.42,37.42,37.42,37.42,37.42,36.6,37.42,37.42,37.42,36.6,37.42,37.42,37.42,37.42,36.6,37.42,37.42,37.42,36.6,36.6,36.6,37.42,37.42,36.6,36.6,36.6,37.42,37.42,37.42,37.42,37.42,37.42,36.6,37.42,37.42,36.6,37.42,37.42,37.42,37.42,37.42,37.42,37.42,37.42,37.42,37.42,37.42,37.42,37.42,37.42,37.42,37.42,36.6,36.6,37.42,37.42,36.6,37.42,37.42,37.42,37.42,37.42,37.42
4,37.42,37.42,37.42,37.42,37.42,37.42,37.42,37.42,37.42,37.42,37.42,37.42,37.42,37.42,36.6,37.42,37.42,37.42,37.42,36.6,37.42,36.6,37.42,36.6,37.42,37.42,37.42,36.6,36.6,37.42,37.42,37.42,36.6,37.42,36.6,36.6,37.42,36.6,36.6,36.6,37.42,37.42,37.42,37.42,37.42,37.42,37.42,37.42,36.6,37.42,37.42,37.42,37.42,37.42,37.42,37.42,37.42,36.6,37.42,37.42,37.42,37.42,36.6,37.42,37.42,37.42,37.42,36.6,37.42,37.42,37.42,37.42,37.42,37.42,37.42,37.42,37.42,37.42,37.42,37.42,36.6,37.42,37.42,37.42,37.42,37.42,37.42,37.42,37.42,36.6,37.42,37.42,37.42,37.42,37.42,37.42,37.42,37.42,37.42,37.42,37.42
4,37.42,37.42,37.42,37.42,37.42,37.42,37.42,37.42,36.6,37.42,37.42,37.42,37.42,37.42,37.42,37.42,37.42,37.42,37.42,37.42,37.42,37.42,36.6,37.42,37.42,37.42,36.6,37.42,36.6,37.42,37.42,36.6,36.6,37.42,37.42,37.42,37.42,37.42,37.42,37.42,37.42,37.42,37.42,37.42,37.42,37.42,37.42,37.42,37.42,37.42,37.42,37.42,37.42,37.42,36.6,37.42,37.42,37.42,37.42,37.42,37.42,37.42,37.42,37.42,37.42,37.42,37.42,37.42,36.6,37.42,37.42,36.6,36.6,36.6,37.42,37.42,37.42,37.42,37.42,37.42,37.42,37.42,37.42,37.42,37.42,37.42,36.6,37.42,37.42,37.42,37.42,37.42,37.42,37.42,37.42,37.42,37.42,37.42,37.42,37.42,37.42
4,37.42,37.42,37.42,37.42,37.42,36.6,37.42,37.42,37.42,37.42,36.6,37.42,36.6,37.42,37.42,37.42,37.42,37.42,37.42,37.42,37.42,37.42,37.42,37.42,37.42,36.6,37.42,37.42,37.42,37.42,36.6,37.42,36.6,36.6,37.42,37.42,36.6,37.42,37.42,37.42,37.42,37.42,37.42,37.42,37.42,36.6,37.42,37.42,36.6,37.42,36.6,37.42,37.42,36.6,37.42,37.42,36.6,37.42,37.42,36.6,37.42,37.42,37.42,37.42,37.42,37.42,37.42,37.42,37.42,37.42,37.42,37.42,37.42,36.6,37.42,37.42,37.42,37.42,36.6,36.6,36.6,37.42,37.42,37.42,36.6,36.6,37.42,37.42,37.42,37.42,37.42,37.42,37.42,37.42,36.6,37.42,37.42,37.42,37.42,37.42,37.42
4,37.42,37.42,37.42,37.42,37.42,36.6,37.42,37.42,37.42,37.42,37.42,37.42,37.42,37.42,37.42,37.42,37.42,37.42,37.42,37.42,36.6,37.42,37.42,37.42,36.6,37.42,37.42,37.42,37.42,37.42,37.42,37.42,37.42,37.42,36.6,37.42,37.42,37.42,37.42,37.42,37.42,37.42,37.42,37.42,37.42,37.42,37.42,37.42,36.6,37.42,37.42,37.42,37.42,37.42,37.42,37.42,37.42,37.42,37.42,37.42,37.42,37.42,37.42,37.42,36.6,37.42,37.42,37.42,37.42,37.42,37.42,37.42,37.42,37.42,37.42,37.42,36.6,37.42,37.42,37.42,37.42,37.42,37.42,37.42,36.6,37.42,37.42,36.6,37.42,37.42,37.42,37.42,37.42,37.42,37.42,37.42,37.42,37.42,37.42,37.42,37.42
4,37.42,37.42,37.42,37.42,37.42,37.42,37.42,37.42,37.42,36.6,37.42,37.42,37.42,37.42,37.42,36.6,37.42,37.42,37.42,37.42,37.42,37.42,37.42,37.42,37.42,37.42,37.42,37.42,37.42,37.42,37.42,37.42,37.42,37.42,37.42,37.42,37.42,37.42,37.42,37.42,37.42,37.42,37.42,37.42,37.42,37.42,37.42,37.42,36.6,36.6,37.42,37.42,37.42,37.42,36.6,37.42,37.42,37.42,37.42,37.42,37.42,37.42,37.42,37.42,37.42,37.42,37.42,37.42,37.42,37.42,37.42,37.42,37.42,37.42,36.6,36.6,37.42,37.42,37.42,37.42,37.42,37.42,37.42,37.42,37.42,37.42,37.42,37.42,36.6,37.42,37.42,37.42,37.42,36.6,37.42,37.42,37.42,37.42,37.42,36.6,37.42
4,37.42,37.42,37.42,37.42,37.42,37.42,37.42,37.42,37.42,37.42,37.42,37.42,37.42,37.42,37.42,37.42,37.42,37.42,37.42,37.42,37.42,37.42,37.42,37.42,37.42,37.42,37.42,37.42,37.42,37.42,37.42,36.6,37.42,37.42,37.42,37.42,37.42,37.42,37.42,37.42,37.42,37.42,37.42,37.42,37.42,37.42,37.42,37.42,37.42,37.42,37.42,37.42,37.42,37.42,37.42,37.42,37.42,37.42,37.42,37.42,37.42,37.42,37.42,37.42,37.42,37.42,37.42,37.42,37.42,37.42,37.42,37.42,37.42,37.42,37.42,37.42,37.42,37.42,37.42,37.42,37.42,37.42,37.42,37.42,37.42,37.42,37.42,37.42,37.42,37.42,37.42,37.42,37.42,37.42,37.42,37.42,37.42,37.42,37.42,37.42,37.42
4,37.42,37.42,37.42,37.42,37.42,37.42,37.42,37.42,37.42,37.42,37.42,37.42,37.42,37.42,37.42,37.42,37.42,37.42,37.42,37.42,37.42,37.42,37.42,37.42,37.42,37.42,37.42,37.42,37.42,37.42,37.42,37.42,37.42,37.42,37.42,37.42,37.42,37.42,37.42,37.42,37.42,37.42,37.42,37.42,37.42,37.42,37.42,37.42,37.42,37.42,37.42,37.42,37.42,37.42,37.42,37.42,37.42,37.42,37.42,37.42,37.42,37.42,37.42,37.42,37.42,37.42,37.42,37.42,37.42,37.42,37.42,37.42,37.42,37.42,37.42,37.42,37.42,37.42,37.42,37.42,37.42,37.42,37.42,37.42,37.42,37.42,36.6,37.42,37.42,37.42,37.42,37.42,37.42,37.42,36.6,37.42,37.42,37.42,37.42,37.42,37.42
4,37.42,37.42,37.42,37.42,37.42,37.42,37.42,37.42,37.42,37.42,37.42,37.42,37.42,37.42,37.42,37.42,37.42,37.42,37.42,37.42,37.42,37.42,37.42,37.42,37.42,37.42,37.42,37.42,37.42,37.42,37.42,37.42,37.42,37.42,37.42,37.42,37.42,37.42,37.42,37.42,37.42,36.6,37.42,37.42,37.42,37.42,37.42,37.42,37.42,37.42,37.42,37.42,37.42,37.42,37.42,37.42,37.42,37.42,37.42,37.42,37.42,37.42,37.42,37.42,37.42,37.42,37.42,37.42,37.42,37.42,37.42,37.42,37.42,37.42,37.42,37.42,37.42,37.42,37.42,37.42,37.42,37.42,37.42,37.42,37.42,37.42,37.42,37.42,37.42,37.42,37.42,37.42,37.42,37.42,37.42,37.42,37.42,37.42,37.42,37.42,37.42
4,34.14,33.32,34.14,34.14,33.32,33.32,33.32,34.14,33.32,34.14,34.14,34.14,34.14,34.14,34.14,34.14,34.14,34.14,34.14,34.14,34.14,34.14,34.14,34.14,34.14,34.14,34.14,34.14,34.14,34.14,34.14,34.14,34.14,34.14,34.14,34.14,34.14,34.14,34.14,34.14,34.14,34.14,34.14,34.14,34.14,34.14,34.14,34.14,34.14,34.14,34.14,34.96,34.14,34.96,34.96,34.14,34.14,34.14,34.14,34.14,34.14,34.96,34.14,34.96,34.14,34.14,34.14,34.14,34.96,34.96,34.14,34.14,34.14,34.96,34.96,34.96,34.14,34.96,34.14,34.14,34.96,34.14,34.14,34.96,34.96,34.14,34.96,34.14,34.14,34.14,34.96,34.96,34.96,34.96,34.96,34.14,34.96,34.96,34.96,34.96,34.96
4,34.96,34.96,34.96,34.96,34.96,34.96,34.96,34.96,34.96,34.96,34.96,34.96,34.96,35.78,34.96,34.96,34.96,34.96,34.96,34.96,34.96,34.96,34.96,34.96,34.96,34.96,34.96,34.96,34.96,34.96,34.96,35.78,34.96,34.96,34.96,34.96,34.96,34.96,34.96,34.96,35.78,34.96,34.96,35.78,34.96,34.96,34.96,34.96,34.96,34.96,35.78,34.96,34.96,35.78,34.96,34.96,35.78,34.96,34.96,34.96,35.78,34.96,34.96,34.96,35.78,34.96,34.96,34.96,35.78,34.96,35.78,34.96,34.96,35.78,35.78,35.78,34.96,35.78,34.96,34.96,34.96,35.78,35.78,35.78,35.78,35.78,34.96,35.78,34.96,35.78,35.78,34.96,34.96,34.96,35.78,34.96,34.96,35.78,35.78,34.96,35.78
