ID,DT
1,1
2,0
3,0
4,0
5,0
6,1
7,0
8,0
9,1
10,0
14,1
15,0
17,0
19,0
23,0
24,1
25,1
26,0
27,1
28,0
29,0
31,1
32,1
33,1
35,0
37,1
38,1
40,0
41,1
42,0
43,1
44,1
45,1
46,0
47,0
48,1
51,1
52,1
53,0
54,0
56,1
57,1
58,1
59,0
60,1
61,1
62,1
63,1
64,1
66,0
67,0
70,0
71,0
72,0
74,1
75,0
76,0
77,1
78,1
79,1
81,1
82,1
83,0
84,1
85,0
86,1
87,1
88,1
89,1
90,0
91,1
92,0
93,1
95,0
96,0
97,1
98,1
99,1
101,1
103,1
104,1
105,1
106,0
107,1
108,1
109,0
111,1
112,1
114,1
115,0
116,0
117,0
119,0
120,1
121,0
123,1
124,1
125,1
126,0
127,0
128,0
129,1
130,0
131,0
132,1
134,1
135,1
136,1
137,0
138,0
139,1
142,0
143,0
145,0
146,0
148,0
149,1
150,1
151,1
153,1
155,0
156,0
157,1
159,1
160,1
162,0
163,1
164,0
165,1
168,1
169,1
170,0
171,1
173,0
174,0
175,1
176,0
177,0
178,1
179,0
180,1
181,0
182,1
183,1
185,0
186,1
187,1
189,1
190,0
191,0
192,1
194,1
195,0
197,1
199,0
200,0
201,1
202,1
203,0
204,0
205,1
206,1
208,0
209,1
210,0
211,0
212,1
213,1
214,1
216,0
217,1
218,0
219,0
220,1
221,0
222,1
223,0
225,0
226,0
227,1
228,0
229,0
230,0
231,0
232,1
233,0
234,1
235,0
236,1
239,1
240,0
241,1
242,1
243,1
244,1
245,1
246,0
249,0
250,1
251,0
252,1
254,0
255,1
256,0
257,0
259,1
260,0
262,1
263,0
264,0
266,1
267,0
268,0
269,1
270,0
273,1
274,1
275,1
276,1
277,1
279,0
280,1
281,1
282,0
283,0
284,1
285,1
286,1
287,0
288,1
289,0
290,0
292,0
293,1
294,0
295,0
296,1
298,0
299,1
300,0
301,0
302,0
303,1
304,1
305,1
306,1
309,0
311,1
312,1
314,1
315,1
316,1
317,1
318,0
319,1
320,0
321,0
322,0
323,0
324,0
325,1
326,1
327,0
328,0
329,1
330,1
331,1
332,1
333,1
334,0
335,0
336,1
337,0
338,1
339,0
341,1
342,0
343,0
344,1
345,1
347,0
348,1
349,0
351,0
352,1
353,0
354,1
355,0
356,1
357,0
358,1
359,0
360,1
361,0
363,1
364,0
365,1
366,0
367,1
370,1
371,1
372,0
373,0
374,0
375,1
376,0
377,0
378,1
379,1
380,1
381,1
382,0
383,1
384,0
385,1
387,1
388,1
389,0
391,1
392,0
394,0
395,0
396,1
397,0
398,0
399,0
401,0
402,0
403,1
405,1
406,0
407,0
411,1
412,1
413,1
414,0
415,0
416,1
417,0
418,0
419,1
420,0
421,1
422,1
423,1
425,1
427,0
428,0
429,0
430,0
431,0
432,0
433,0
435,0
436,0
437,0
438,0
439,1
440,0
442,0
446,0
447,0
448,0
449,0
450,0
451,0
453,0
455,1
456,0
458,0
459,1
460,1
461,0
462,1
463,1
464,1
465,1
467,1
468,1
469,1
471,1
472,1
473,1
474,0
475,0
476,0
477,0
478,0
479,1
480,0
481,1
482,0
483,1
484,0
485,0
486,1
487,0
488,0
489,0
490,1
491,1
492,1
493,0
494,0
496,0
497,1
498,0
499,0
500,1
502,0
503,0
504,0
505,1
506,0
507,1
508,1
509,1
510,0
511,0
513,1
514,0
515,0
516,0
517,1
518,1
519,0
520,0
522,0
523,0
524,1
525,1
526,1
527,1
528,1
529,0
530,1
531,0
532,0
534,0
535,1
536,0
537,1
538,0
540,0
541,1
543,0
544,0
545,1
546,1
547,0
548,0
549,1
550,1
551,0
552,0
553,0
554,0
555,1
556,0
557,1
559,1
560,1
561,1
562,0
563,1
565,1
566,0
567,1
568,1
569,0
570,0
572,0
573,0
574,1
575,0
576,1
579,1
580,0
581,1
583,0
584,1
585,1
586,1
587,1
589,0
590,1
591,1
592,0
593,1
594,1
595,1
596,1
597,0
598,0
599,1
600,1
601,0
602,0
605,0
606,0
607,0
609,0
610,1
611,0
612,1
613,0
614,1
615,1
617,0
618,0
619,0
621,0
622,0
623,0
624,1
625,1
629,1
630,1
631,1
632,0
634,1
635,0
636,0
637,0
638,1
639,0
640,1
641,0
642,0
643,1
645,0
646,1
648,1
649,0
651,0
652,0
653,0
655,0
656,0
657,0
658,0
659,0
660,1
663,1
664,1
665,1
668,0
669,1
670,1
671,0
672,0
673,1
674,1
675,0
676,0
678,0
679,1
681,1
682,0
683,1
685,0
687,1
688,0
689,0
690,0
691,1
692,0
693,1
695,0
696,0
697,0
700,0
701,0
702,0
703,0
704,1
705,0
706,0
707,1
708,1
709,0
710,0
711,1
712,0
714,0
715,1
716,0
717,1
718,0
719,1
720,1
721,0
724,0
725,0
726,0
727,1
728,0
729,0
730,1
731,1
733,1
734,0
737,0
738,0
739,0
740,0
741,1
742,0
743,1
744,0
745,0
746,0
747,0
748,1
749,0
751,0
752,0
753,0
754,1
755,0
756,0
757,0
758,0
760,1
761,0
762,1
763,1
764,1
765,1
766,0
767,0
768,0
769,1
770,0
771,0
772,1
773,1
774,0
776,1
778,1
779,0
781,0
782,1
783,1
784,1
785,1
786,0
788,0
790,0
792,1
795,1
796,1
798,1
799,1
800,0
801,1
803,1
804,0
805,1
806,1
808,0
809,0
810,0
811,1
813,0
814,1
815,1
816,0
818,1
819,1
820,1
821,1
822,0
823,0
824,1
825,1
826,1
827,0
828,1
829,0
830,1
832,1
833,0
834,0
836,0
837,0
838,1
840,1
841,0
842,0
843,0
844,1
845,0
847,1
849,1
850,1
851,0
852,0
853,1
856,0
857,1
859,0
861,0
862,1
863,0
864,0
865,0
868,0
869,0
870,0
871,0
872,1
873,1
874,1
876,1
878,0
879,1
880,1
881,1
882,1
883,1
884,1
885,0
886,0
887,1
890,1
891,0
892,1
893,0
894,1
895,1
896,0
897,0
899,0
900,0
901,0
902,1
903,1
904,1
905,0
906,1
907,1
908,1
909,0
910,0
911,1
912,1
913,0
914,1
915,0
916,1
917,1
919,1
920,0
922,0
923,1
925,1
926,0
928,0
929,0
930,0
931,0
933,1
934,0
935,0
937,0
938,0
939,1
940,1
941,0
942,0
944,1
945,0
946,1
947,0
948,0
949,1
950,1
951,0
952,0
953,0
954,1
955,1
956,0
958,1
959,1
960,1
961,1
962,0
963,1
964,0
965,0
966,1
967,1
968,1
969,0
970,1
971,0
973,0
974,1
975,1
977,1
978,0
979,1
980,0
981,1
982,0
983,1
984,0
985,0
986,0
988,0
989,0
992,1
994,0
995,1
996,0
997,1
998,0
1000,0
1001,1
1002,1
1003,0
1005,0
1006,0
1007,1
1008,0
1009,1
1010,1
1011,0
1013,0
1015,0
1016,0
1018,0
1019,1
1020,0
1021,1
1022,1
1023,1
1024,0
1025,0
1026,0
1027,1
1028,1
1029,1
1030,0
1031,1
1032,0
1033,0
1035,1
1036,0
1037,0
1039,1
1040,0
1041,0
1042,0
1043,0
1044,1
1045,0
1047,0
1048,1
1049,0
1050,0
1051,0
1052,0
1053,0
1054,1
1055,1
1056,1
1057,0
1058,1
1059,1
1060,1
1061,0
1062,1
1064,1
1065,0
1067,1
1068,1
1069,1
1071,1
1072,0
1074,1
1075,0
1076,1
1077,1
1078,0
1079,1
1080,1
1081,0
1082,1
1083,0
1084,0
1086,0
1088,1
1089,0
1090,1
1091,0
1092,0
1093,0
1094,0
1095,0
1096,1
1097,1
1098,0
1099,0
1100,0
1101,0
1102,1
1103,0
1104,0
1105,0
1106,1
1107,1
1108,0
1109,0
1110,1
1111,1
1112,1
1113,1
1114,0
1116,0
1117,1
1118,0
1119,1
1120,0
1121,0
1122,1
1123,0
1124,0
1125,0
1127,0
1128,1
1129,1
1130,1
1131,1
1132,1
1133,0
1134,1
1135,0
1138,0
1140,0
1142,1
1143,1
1144,1
1146,0
1148,1
1151,1
1152,1
1153,0
1154,1
1155,1
1156,0
1157,1
1158,0
1160,0
1161,0
1162,1
1163,0
1164,1
1165,1
1166,0
1167,0
1168,1
1169,1
1170,1
1172,1
1174,0
1175,0
1176,0
1177,1
1178,0
1179,0
1180,0
1181,1
1182,1
1183,1
1184,0
1187,0
1189,1
1190,0
1191,1
1192,0
1193,0
1196,0
1197,0
1198,0
1199,0
1200,1
1201,1
1203,0
1204,1
1205,1
1206,1
1207,0
1208,0
1209,1
1211,1
1213,0
1214,1
1215,0
1216,1
1217,1
1218,0
1219,0
1220,0
1221,1
1222,0
1223,1
1224,0
1226,1
1227,1
1228,0
1229,1
1230,1
1231,1
1232,1
1233,1
1234,1
1235,0
1237,0
1239,0
1240,1
1241,0
1242,1
1243,0
1244,1
1245,1
1246,1
1247,1
1248,0
1249,0
1250,0
1251,0
1254,0
1255,1
1256,0
1257,1
1258,0
1259,1
1261,1
1262,1
1263,1
1264,1
1265,0
1267,1
1268,1
1269,0
1270,1
1271,0
1272,0
1275,1
1276,1
1277,0
1278,0
1279,1
1280,0
1281,1
1282,0
1283,1
1284,0
1286,1
1287,1
1288,1
1289,0
1290,0
1291,1
1293,0
1294,0
1296,1
1298,1
1299,1
1300,0
1301,1
1302,0
1303,1
1304,0
1305,0
1306,1
1307,1
1308,0
1309,1
1310,1
1311,0
1312,0
1315,1
1317,0
1318,1
1319,0
1321,0
1323,0
1324,0
1325,0
1326,1
1328,0
1329,0
1332,0
1333,1
1334,1
1335,0
1336,1
1337,1
1338,0
1340,1
1341,1
1342,0
1343,1
1344,1
1345,1
1346,0
1347,0
1349,0
1350,0
1351,0
1352,1
1353,1
1354,0
1355,0
1356,1
1357,0
1358,0
1359,0
1361,0
1362,1
1363,1
1364,1
1365,0
1366,0
1367,0
1368,1
1369,0
1371,1
1375,0
1377,0
1378,1
1380,0
1381,0
1382,0
1383,0
1384,0
1385,0
1386,1
1387,1
1388,0
1389,0
1391,0
1392,1
1393,0
1395,0
1396,0
1397,1
1398,1
1399,0
1400,0
1402,1
1403,0
1404,0
1405,0
1406,0
1407,0
1408,1
1409,0
1412,0
1413,0
1414,1
1415,1
1416,1
1417,0
1418,0
1420,1
1421,1
1422,1
1424,1
1426,1
1427,0
1428,0
1429,0
1430,1
1431,0
1432,1
1433,1
1434,0
1435,1
1436,1
1437,0
1438,1
1439,1
1440,0
1441,0
1442,0
1443,0
1444,1
1445,1
1446,1
1447,1
1448,1
1449,0
1451,0
1452,0
1453,1
1454,0
1455,1
1456,1
1457,0
1458,0
1460,1
1461,1
1462,0
1463,0
1464,0
1465,1
1466,1
1467,1
1468,1
1469,0
1471,0
1472,1
1473,1
1474,0
1475,0
1476,1
1477,0
1478,1
1479,0
1480,1
1482,0
1483,0
1484,1
1487,0
1488,0
1489,1
1490,0
1491,0
1492,1
1493,1
1494,0
1495,0
1496,1
1497,0
1498,0
1499,1
1501,0
1502,0
1503,0
1504,0
1505,0
1506,1
1507,0
1509,1
1510,0
1511,1
1512,0
1513,0
1515,1
1517,0
1518,1
1519,0
1520,0
1521,0
1523,1
1524,1
1525,0
1526,1
1527,0
1528,0
1529,0
1531,0
1532,0
1533,0
1534,0
1535,1
1536,1
1537,1
1538,0
1539,1
1541,1
1542,0
1543,0
1544,0
1546,0
1547,1
1548,0
1549,0
1550,0
1551,0
1552,1
1554,0
1555,1
1556,1
1557,1
1558,0
1559,0
1560,0
1562,0
1564,1
1565,0
1566,1
1567,0
1569,0
1570,1
1571,0
1573,1
1574,0
1575,0
1577,0
1578,0
1579,1
1580,1
1581,0
1582,0
1583,0
1585,0
1586,0
1587,1
1588,1
1592,1
1593,0
1594,1
1595,0
1596,1
1597,0
1599,0
1600,1
1601,1
1604,0
1605,0
1606,0
1607,0
1608,0
1609,0
1611,1
1612,0
1615,0
1616,1
1617,1
1618,1
1619,1
1620,1
1622,0
1623,0
1624,1
1626,1
1628,0
1629,0
1630,1
1631,1
1632,0
1633,0
1634,0
1635,0
1636,1
1637,0
1638,1
1639,1
1642,1
1643,0
1644,1
1646,0
1647,1
1649,1
1650,1
1652,0
1653,1
1654,0
1655,1
1656,0
1657,0
1658,1
1659,0
1660,1
1661,1
1663,0
1664,1
1665,0
1666,0
1668,0
1669,0
1670,0
1671,0
1672,0
1673,1
1675,1
1677,1
1678,1
1679,0
1680,1
1681,0
1682,0
1683,1
1685,1
1686,0
1687,0
1688,1
1689,0
1690,0
1691,0
1692,1
1693,1
1694,0
1695,0
1696,0
1697,1
1698,0
1699,1
1700,0
1702,0
1703,1
1705,0
1706,1
1709,0
1710,0
1711,1
1712,1
1714,0
1716,0
1717,1
1719,0
1720,1
1721,1
1722,0
1723,0
1725,1
1726,1
1727,1
1728,1
1729,0
1730,0
1731,1
1732,0
1733,1
1734,0
1735,0
1737,1
1738,0
1739,1
1740,1
1741,1
1742,0
1743,1
1744,1
1745,0
1746,1
1747,0
1748,1
1749,0
1752,1
1753,0
1754,1
1755,1
1756,0
1758,0
1761,0
1762,0
1763,1
1764,1
1765,1
1766,0
1767,1
1770,0
1771,1
1772,0
1773,0
1774,0
1775,1
1776,1
1777,1
1778,0
1780,1
1781,0
1782,1
1783,1
1784,1
1786,0
1787,0
1788,1
1789,0
1790,1
1792,0
1793,0
1794,1
1795,0
1796,1
1799,0
1800,0
1801,1
1802,0
1803,0
1804,0
1805,0
1806,1
1807,0
1808,0
1810,0
1811,0
1812,1
1813,1
1814,0
1815,1
1816,1
1817,1
1818,1
1819,1
1821,0
1822,1
1823,0
1824,1
1825,0
1826,1
1828,0
1830,0
1831,1
1832,0
1833,0
1834,1
1835,0
1836,0
1837,0
1838,0
1839,0
1840,1
1841,1
1843,0
1844,1
1846,1
1847,1
1848,1
1849,0
1850,0
1851,0
1852,0
1853,0
1854,0
1856,0
1857,0
1858,1
1859,1
1860,1
1861,1
1863,0
1864,1
1865,0
1866,1
1867,1
1868,0
1870,0
1872,1
1873,0
1874,1
1875,0
1877,0
1878,1
1879,1
1880,0
1881,1
1882,1
1883,0
1887,0
1888,0
1889,0
1890,0
1891,1
1892,1
1893,1
1894,1
1895,0
1897,1
1899,0
1900,1
1901,0
1903,0
1904,0
1905,0
1906,0
1907,1
1908,0
1909,1
1910,1
1911,0
1913,0
1914,1
1915,0
1916,0
1917,0
1919,1
1920,1
1921,1
1922,1
1923,1
1924,0
1925,1
1926,1
1930,0
1931,1
1933,1
1934,1
1935,0
1936,0
1937,1
1938,0
1939,0
1942,0
1943,0
1944,1
1945,0
1946,0
1947,0
1948,0
1950,0
1951,0
1952,1
1954,1
1955,1
1956,1
1958,1
1959,1
1960,0
1961,1
1962,0
1965,1
1966,1
1967,1
1968,1
1969,0
1970,1
1971,0
1973,1
1974,1
1975,1
1976,0
1977,1
1978,1
1979,1
1980,0
1981,0
1982,0
1983,0
1987,1
1988,1
1989,0
1990,0
1991,0
1992,0
1993,1
1994,1
1995,1
1996,1
1997,1
1998,0
1999,0
2000,1
2002,1
2004,0
2005,0
2006,0
2007,1
2008,1
2009,1
2010,0
2012,0
2013,1
2014,1
2015,1
2016,0
2017,1
2019,1
2020,1
2021,0
2022,0
2023,1
2025,1
2026,1
2027,1
2028,0
2029,1
2030,0
2031,1
2032,1
2033,1
2034,0
2035,0
2037,1
2038,1
2039,0
2040,1
2041,1
2042,0
2043,1
2044,1
2045,0
2046,0
2047,1
2048,1
2049,1
2050,0
2051,0
2052,0
2055,1
2056,1
2057,1
2058,0
2059,1
2062,1
2063,1
2065,0
2066,0
2067,0
2068,0
2069,1
2070,0
2071,0
2072,1
2073,0
2074,1
2075,1
2076,1
2077,0
2078,1
2079,1
2080,0
2081,0
2082,0
2083,0
2084,1
2085,0
2086,0
2087,0
2088,1
2089,0
2090,1
2091,0
2092,1
2093,0
2094,1
2095,0
2096,1
2097,0
2098,0
2099,1
2101,0
2102,1
2103,1
2104,1
2105,1
2106,1
2107,1
2108,0
2110,0
2111,0
2112,1
2113,0
2115,0
2116,1
2117,1
2118,0
2120,0
2121,1
2122,0
2123,0
2124,0
2125,0
2126,0
2130,1
2131,0
2132,1
2133,0
2134,0
2135,0
2136,1
2137,0
2141,1
2142,1
2144,0
2145,1
2147,0
2148,1
2149,1
2150,0
2151,1
2153,0
2154,0
2155,1
2157,0
2158,0
2159,0
2160,0
2161,0
2162,1
2163,0
2165,1
2166,0
2167,0
2168,1
2169,1
2170,0
2171,1
2172,1
2174,1
2175,0
2176,0
2179,1
2180,1
2182,0
2183,0
2185,0
2186,1
2187,0
2188,1
2189,1
2190,0
2191,0
2192,1
2194,1
2196,1
2197,1
2198,1
2199,0
2200,0
2202,1
2203,0
2204,1
2205,1
2206,0
2207,1
2208,0
2209,1
2210,1
2213,0
2214,1
2215,0
2218,1
2220,0
2221,1
2222,1
2223,1
2224,0
2225,1
2226,0
2227,0
2228,1
2229,1
2230,1
2232,0
2233,0
2234,1
2235,0
2237,0
2238,0
2239,0
2240,0
2241,1
2242,0
2243,0
2244,1
2245,0
2246,0
2247,1
2248,1
2249,0
2250,1
2251,1
2252,1
2253,1
2254,0
2255,1
2256,1
2257,1
2258,0
2259,0
2260,0
2261,0
2263,0
2264,1
2265,0
2266,1
2267,0
2268,1
2269,1
2270,1
2271,0
2272,1
2273,1
2274,1
2276,0
2277,1
2278,1
2280,1
2281,1
2283,1
2284,0
2285,0
2287,1
2288,0
2289,0
2290,1
2291,1
2292,0
2293,1
2294,1
2295,0
2296,0
2297,1
2298,0
2299,1
2300,0
2301,1
2302,0
2303,0
2304,0
2306,1
2307,1
2308,1
2309,1
2310,0
2311,1
2312,1
2313,0
2314,0
2315,1
2316,1
2317,0
2319,0
2320,0
2322,1
2324,0
2325,1
2326,1
2327,0
2328,0
2329,1
2330,1
2331,0
2332,1
2333,1
2334,1
2335,0
2336,0
2337,1
2338,1
2339,1
2340,0
2341,0
2342,0
2343,0
2344,0
2345,1
2347,0
2348,1
2349,0
2350,0
2351,1
2352,0
2353,1
2354,0
2355,1
2357,0
2358,0
2360,0
2362,1
2363,0
2364,1
2365,0
2366,1
2367,0
2368,0
2369,1
2370,0
2371,1
2372,0
2373,1
2374,0
2375,1
2376,1
2378,1
2379,0
2381,0
2382,1
2383,0
2384,0
2385,1
2386,1
2387,1
2388,1
2390,0
2392,0
2393,1
2395,1
2396,0
2397,1
2399,0
2400,0
2401,1
2402,0
2403,0
2404,1
2405,1
2406,1
2408,1
2409,0
2410,1
2411,0
2412,1
2413,0
2414,0
2415,1
2416,0
2417,1
2418,0
2419,0
2420,0
2421,0
2422,1
2423,0
2424,0
2425,0
2426,1
2427,1
2428,0
2429,1
2430,1
2431,0
2432,0
2433,1
2434,1
2436,0
2437,0
2438,1
2439,0
2440,0
2441,0
2442,0
2443,0
2444,0
2445,1
2446,0
2447,0
2448,1
2449,1
2450,0
2453,1
2454,0
2455,1
2456,0
2457,1
2459,1
2460,0
2461,0
2463,1
2464,0
2466,1
2468,0
2469,1
2470,0
2471,1
2472,0
2473,0
2476,1
2478,0
2479,1
2480,1
2481,1
2483,0
2485,1
2486,1
2490,1
2492,0
2493,1
2495,0
2496,0
2497,0
2498,1
2499,0
2500,1
2502,0
2503,0
2504,0
2505,0
2506,0
2507,0
2508,0
2509,1
2510,1
2511,0
2512,0
2513,1
2514,1
2515,0
2517,1
2518,0
2519,0
2520,1
2521,0
2522,0
2523,1
2524,0
2525,1
2526,0
2527,0
2528,1
2530,0
2531,0
2534,0
2535,0
2536,1
2537,0
2539,1
2540,0
2541,0
2542,0
2543,0
2544,0
2545,1
2546,0
2547,0
2548,1
2549,1
2550,0
2551,0
2552,1
2553,0
2554,0
2555,1
2556,1
2557,0
2558,0
2559,1
2560,1
2561,0
2562,1
2563,0
2564,0
2565,1
2566,1
2567,0
2568,0
2569,1
2570,1
2571,0
2572,0
2573,1
2574,0
2575,0
2576,1
2577,0
2579,1
2580,0
2581,0
2582,1
2583,1
2584,1
2585,0
2586,0
2587,0
2588,0
2589,1
2590,1
2591,0
2592,1
2593,1
2594,0
2595,0
2596,0
2597,1
2598,0
2599,1
2601,0
2602,1
2603,0
2605,0
2607,1
2609,1
2610,0
2611,1
2613,0
2614,1
2615,1
2617,0
2618,1
2619,0
2620,1
2621,0
2622,0
2625,1
2626,0
2628,1
2629,1
2630,0
2631,0
2633,0
2635,0
2636,1
2637,0
2638,1
2639,1
2640,1
2642,0
2643,1
2644,1
2645,1
2646,0
2647,1
2649,0
2650,0
2651,0
2652,1
2653,1
2655,1
2656,1
2657,0
2658,0
2659,0
2660,0
2661,0
2662,0
2663,0
2664,0
2665,0
2666,0
2667,0
2668,0
2670,1
2671,0
2672,1
2673,1
2675,0
2676,0
2677,1
2678,0
2679,0
2680,0
2682,0
2683,0
2684,0
2685,1
2686,1
2688,1
2689,1
2690,0
2691,1
2692,0
2693,0
2694,0
2697,0
2698,0
2699,1
2700,1
2701,1
2702,0
2703,0
2704,1
2705,0
2706,1
2707,1
2708,1
2709,1
2710,1
2711,1
2712,1
2713,1
2715,0
2716,1
2717,0
2720,0
2721,1
2722,1
2723,0
2724,1
2725,1
2726,1
2727,0
2728,1
2729,0
2730,0
2731,1
2732,0
2733,0
2734,1
2735,1
2740,1
2741,1
2742,0
2743,1
2744,0
2745,0
2746,0
2747,0
2748,0
2749,1
2750,1
2751,0
2753,0
2754,1
2755,0
2756,0
2757,1
2758,0
2759,0
2760,0
2761,0
2762,1
2763,1
2765,1
2766,1
2767,1
2768,1
2769,1
2770,1
2771,0
2772,1
2773,0
2774,1
2775,1
2776,0
2777,1
2778,0
2779,0
2780,1
2781,1
2782,1
2784,1
2786,0
2787,0
2788,0
2789,1
2790,0
2791,1
2792,0
2793,1
2794,0
2795,1
2797,0
2798,0
2799,0
2800,0
2803,0
2804,1
2807,0
2809,1
2810,1
2811,1
2812,0
2813,0
2814,0
2815,0
2816,0
2817,0
2818,0
2819,1
2820,0
2821,1
2822,0
2823,0
2824,0
2825,0
2826,0
2828,0
2830,1
2831,0
2832,0
2833,0
2835,0
2837,0
2838,0
2839,1
2840,1
2841,0
2843,0
2845,1
2848,0
2849,1
2850,1
2851,0
2853,0
2854,1
2856,1
2858,0
2859,0
2860,0
2861,0
2862,1
2863,1
2864,0
2865,1
2866,0
2867,1
2868,1
2870,1
2871,1
2873,1
2874,0
2875,0
2876,0
2877,0
2878,1
2879,0
2880,0
2881,0
2882,1
2883,0
2884,0
2885,1
2886,1
2887,1
2888,1
2892,0
2893,1
2895,0
2896,1
2898,1
2899,0
2902,0
2903,1
2904,1
2906,0
2907,0
2908,1
2909,0
2910,0
2911,1
2912,1
2914,0
2915,0
2916,0
2918,0
2919,1
2920,0
2921,0
2922,0
2923,0
2925,0
2926,1
2927,0
2929,1
2930,0
2931,1
2933,1
2935,1
2936,1
2937,0
2938,0
2939,1
2940,0
2941,0
2942,0
2943,1
2944,0
2945,0
2947,0
2948,0
2949,0
2950,0
2952,0
2953,1
2954,1
2955,0
2956,0
2957,0
2958,0
2959,1
2960,0
2961,0
2962,1
2963,0
2964,1
2966,1
2967,0
2968,1
2969,0
2970,0
2971,1
2973,1
2976,1
2977,0
2978,0
2980,1
2984,0
2985,0
2988,0
2989,0
2992,1
2993,0
2994,1
2995,1
2996,0
2997,0
2998,0
2999,0
3000,1
3002,0
3003,1
3004,1
3005,0
3006,1
3007,1
3010,0
3011,0
3013,0
3015,0
3016,1
3017,0
3018,1
3019,1
3020,0
3022,1
3023,1
3024,0
3027,1
3028,0
3029,0
3030,0
3031,0
3033,0
3035,0
3037,0
3038,0
3039,0
3040,1
3041,1
3043,1
3044,0
3045,0
3046,1
3048,1
3049,1
3050,1
3051,0
3052,1
3053,1
3055,0
3058,0
3059,1
3060,0
3061,1
3062,1
3064,1
3065,1
3066,1
3067,0
3068,1
3069,0
3070,0
3071,0
3072,0
3073,0
3074,0
3075,0
3076,0
3077,1
3078,1
3079,1
3080,0
3081,1
3082,1
3083,0
3084,1
3085,0
3086,0
3087,0
3088,0
3089,0
3090,0
3091,0
3092,0
3093,1
3095,1
3096,0
3097,0
3098,1
3099,0
3100,0
3101,1
3102,1
3103,0
3104,1
3107,0
3108,0
3109,1
3110,0
3111,1
3112,1
3113,0
3114,1
3117,1
3118,0
3119,0
3120,0
3121,0
3122,0
3124,1
3125,0
3126,1
3127,0
3128,1
3130,0
3132,0
3133,0
3134,0
3135,1
3136,0
3137,0
3138,1
3139,0
3140,0
3141,1
3142,0
3143,0
3144,0
3145,1
3146,1
3148,0
3149,0
3150,1
3152,1
3153,0
3154,0
3155,0
3156,0
3157,1
3159,1
3160,1
3161,0
3162,0
3163,1
3164,0
3165,1
3166,1
3167,0
3168,1
3169,0
3170,0
3171,0
3172,1
3173,0
3174,1
3175,0
3176,0
3177,1
3178,0
3179,0
3180,0
3181,1
3182,1
3183,1
3184,0
3185,0
3186,0
3187,1
3188,0
3189,1
3190,0
3191,0
3192,1
3194,0
3195,1
3196,1
3197,1
3199,1
3200,0
3201,0
3202,0
3203,1
3204,0
3205,1
3206,1
3207,0
3209,1
3211,1
3213,1
3215,1
3216,0
3217,1
3218,0
3219,1
3220,0
3221,0
3222,0
3223,1
3224,1
3225,0
3228,1
3230,1
3231,0
3232,1
3234,0
3235,1
3236,0
3237,1
3238,1
3239,1
3240,1
3241,1
3242,0
3244,0
3245,0
3246,1
3248,0
3250,1
3252,1
3253,1
3254,0
3255,0
3257,0
3258,0
3259,1
3260,1
3261,0
3262,0
3263,0
3264,0
3265,1
3266,0
3267,1
3268,0
3269,0
3270,1
3272,0
3273,1
3274,0
3275,1
3276,0
3277,0
3278,1
3279,0
3281,0
3282,1
3283,1
3284,1
3286,1
3288,0
3289,0
3290,0
3292,1
3293,1
3294,0
3296,0
3297,1
3298,0
3299,0
3301,0
3303,1
3304,0
3305,0
3306,0
3309,1
3310,0
3311,1
3312,0
3313,1
3314,1
3315,0
3316,0
3318,0
3319,0
3320,1
3321,1
3322,0
3323,0
3326,0
3327,1
3328,1
3329,1
3330,0
3331,1
3333,1
3334,1
3335,0
3337,1
3339,1
3340,1
3341,1
3342,0
3343,1
3344,1
3347,0
3349,0
3350,0
3351,0
3352,0
3354,1
3355,0
3356,0
3357,0
3358,0
3360,1
3361,0
3362,0
3363,1
3364,1
3365,1
3366,0
3368,0
3370,0
3371,1
3372,0
3373,1
3374,1
3375,0
3378,0
3379,1
3380,0
3381,0
3383,1
3384,1
3385,0
3386,1
3387,1
3388,0
3389,0
3390,0
3392,1
3393,1
3394,0
3395,1
3396,0
3397,0
3398,0
3399,0
3401,0
3402,1
3403,1
3404,1
3406,0
3407,1
3409,0
3410,1
3411,1
3412,0
3415,0
3416,0
3417,1
3418,1
3419,1
3420,1
3421,1
3422,0
3424,1
3425,1
3426,0
3427,1
3428,1
3429,0
3431,0
3432,1
3433,1
3434,1
3435,0
3436,0
3437,1
3438,1
3439,0
3440,0
3442,0
3443,0
3444,1
3445,0
3446,0
3447,0
3450,0
3451,1
3452,0
3453,0
3454,1
3456,0
3457,1
3458,1
3459,0
3461,0
3462,1
3463,1
3464,0
3465,1
3466,0
3467,0
3468,1
3469,0
3470,0
3471,1
3472,0
3473,0
3474,0
3475,0
3476,0
3477,1
3478,1
3479,0
3480,1
3481,1
3482,1
3483,0
3484,1
3485,1
3486,1
3487,1
3488,1
3489,1
3490,0
3491,1
3492,0
3493,1
3494,0
3495,1
3496,1
3498,1
3499,1
3500,0
3502,1
3503,1
3504,1
3506,0
3507,1
3509,1
3510,1
3512,0
3513,1
3514,0
3515,1
3516,1
3517,1
3518,1
3519,0
3520,1
3521,1
3522,0
3523,0
3524,0
3525,1
3526,0
3527,0
3528,0
3530,0
3531,1
3532,1
3534,0
3535,0
3537,0
3538,0
3539,0
3541,0
3542,0
3544,0
3545,1
3548,1
3549,1
3550,0
3551,0
3552,0
3553,1
3554,0
3555,0
3556,0
3557,1
3558,0
3559,0
3560,0
3561,0
3563,0
3564,0
3566,0
3567,0
3568,0
3569,0
3570,1
3571,0
3572,1
3573,1
3574,0
3576,1
3577,1
3579,1
3580,0
3581,0
3582,1
3583,1
3585,1
3586,0
3587,1
3588,0
3589,1
3592,1
3593,0
3594,0
3595,1
3596,0
3597,0
3598,0
3601,0
3602,1
3603,0
3604,1
3605,0
3606,0
3607,1
3608,0
3609,1
3610,0
3612,1
3613,0
3614,0
3616,1
3617,1
3618,0
3619,1
3620,1
3621,1
3622,0
3623,1
3624,1
3625,0
3627,0
3628,0
3629,1
3630,1
3631,1
3632,0
3633,1
3634,0
3636,1
3637,1
3638,0
3639,0
3640,0
3641,1
3643,1
3646,1
3647,1
3648,1
3650,0
3651,1
3652,0
3653,0
3654,0
3655,0
3656,0
3657,0
3659,1
3660,0
3661,0
3662,0
3663,0
3664,1
3665,1
3666,0
3668,1
3669,0
3670,0
3672,0
3674,1
3675,1
3676,1
3677,1
3678,0
3679,0
3683,1
3684,0
3685,0
3686,0
3687,0
3688,0
3689,1
3690,0
3692,1
3693,0
3695,1
3698,1
3699,1
3700,1
3701,0
3703,1
3704,1
3705,1
3706,0
3708,0
3709,1
3710,0
3712,0
3713,1
3714,0
3715,0
3716,0
3717,0
3719,0
3720,0
3721,0
3722,1
3724,0
3726,0
3727,0
3728,0
3729,1
3730,1
3731,1
3732,0
3733,0
3734,0
3735,1
3736,1
3737,1
3738,1
3739,1
3740,1
3742,1
3743,1
3744,1
3746,0
3747,0
3748,0
3749,1
3750,0
3751,0
3752,0
3753,0
3754,1
3755,1
3757,1
3758,0
3759,1
3760,1
3762,1
3763,1
3764,1
3766,1
3767,0
3768,1
3769,0
3770,0
3771,0
3772,0
3773,1
3774,1
3775,1
3776,1
3777,1
3780,1
3781,0
3782,1
3783,1
3784,0
3785,0
3786,0
3787,0
3788,1
3789,0
3790,0
3792,1
3793,0
3794,1
3795,0
3796,0
3797,1
3798,0
3799,0
3800,1
3802,0
3803,1
3804,0
3805,1
3806,0
3807,0
3809,1
3811,0
3813,1
3814,1
3815,0
3816,0
3817,1
3819,0
3820,1
3821,1
3822,0
3823,0
3824,0
3825,0
3826,1
3827,1
3828,1
3830,0
3831,0
3832,0
3833,1
3834,0
3835,1
3837,1
3838,1
3839,0
3841,1
3843,0
3844,0
3845,0
3846,1
3847,1
3849,1
3850,1
3851,0
3852,0
3853,1
3855,1
3856,1
3857,1
3858,1
3859,0
3860,0
3861,1
3863,1
3865,0
3866,0
3867,0
3869,0
3870,0
3871,0
3872,0
3873,0
3874,0
3875,0
3876,1
3877,1
3878,0
3879,1
3880,1
3881,0
3882,1
3883,0
3884,1
3885,0
3886,1
3887,0
3888,1
3889,0
3890,0
3891,1
3892,1
3893,0
3894,0
3895,0
3897,1
3899,0
3900,0
3901,0
3902,1
3904,0
3905,0
3906,0
3907,1
3909,0
3910,0
3911,1
3912,0
3914,0
3915,1
3916,1
3917,0
3918,1
3919,1
3920,0
3922,1
3923,0
3925,1
3926,0
3927,1
3928,0
3929,1
3930,0
3931,1
3933,1
3935,0
3936,0
3937,1
3938,1
3940,0
3941,0
3942,0
3943,1
3945,0
3946,0
3947,0
3948,0
3949,1
3950,1
3951,0
3952,1
3953,0
3954,1
3955,1
3957,0
3959,0
3960,0
3961,0
3962,1
3963,1
3964,1
3965,0
3967,1
3968,0
3970,0
3971,1
3973,1
3974,0
3975,1
3976,0
3977,1
3978,1
3979,0
3980,0
3982,1
3983,1
3984,1
3985,0
3986,1
3987,0
3988,0
3989,1
3991,1
3992,0
3993,0
3994,0
3995,0
3996,1
3997,0
3998,0
3999,1
4001,0
4002,0
4003,0
4004,0
4006,1
4007,0
4008,0
4009,1
4010,0
4011,1
4012,0
4013,0
4014,1
4016,1
4017,0
4018,0
4019,0
4021,1
4022,0
4024,1
4025,0
4026,0
4027,0
4028,0
4029,0
4030,1
4031,1
4032,1
4034,1
4036,1
4037,0
4038,0
4039,1
4040,0
4041,1
4042,1
4043,0
4045,1
4046,1
4047,1
4048,0
4049,1
4050,1
4051,0
4053,0
4054,1
4055,1
4056,0
4057,1
4059,0
4061,1
4062,1
4064,0
4065,0
4066,0
4067,0
4068,0
4069,0
4070,1
4071,1
4072,1
4073,1
4074,0
4076,0
4077,0
4078,1
4080,0
4081,1
4083,1
4085,1
4087,0
4088,1
4089,1
4090,1
4091,0
4092,1
4093,1
4094,0
4095,0
4096,0
4097,0
4098,0
4099,0
4100,0
4101,0
4102,0
4103,0
4104,1
4107,0
4108,0
4109,0
4111,0
4112,1
4113,0
4114,0
4115,0
4117,1
4118,1
4119,0
4120,1
4122,0
4123,1
4124,1
4125,1
4126,1
4127,1
4128,0
4129,0
4131,0
4132,0
4133,0
4135,0
4136,1
4137,0
4138,1
4139,1
4140,1
4141,1
4142,1
4143,0
4144,0
4145,1
4146,1
4148,0
4149,0
4150,0
4151,0
4152,0
4153,1
4154,1
4156,1
4157,0
4158,1
4159,1
4160,1
4161,0
4162,1
4163,1
4164,1
4165,0
4166,1
4167,1
4169,1
4170,0
4171,1
4173,0
4174,1
4175,0
4176,1
4177,0
4178,0
4179,0
4180,1
4182,1
4183,1
4185,1
4186,1
4187,0
4188,1
4189,0
4190,0
4191,1
4192,1
4193,1
4194,1
4195,0
4197,1
4198,0
4199,1
4200,0
4201,0
4202,1
4203,0
4204,0
4205,1
4206,0
4207,0
4208,0
4210,0
4211,0
4213,0
4214,1
4215,1
4216,1
4217,0
4218,1
4219,1
4220,0
4222,1
4224,1
4225,0
4226,0
4227,0
4228,1
4229,1
4230,1
4231,1
4232,0
4235,0
4236,0
4237,1
4239,0
4240,0
4241,1
4242,1
4244,1
4245,1
4246,1
4247,1
4248,1
4249,1
4250,1
4252,1
4253,0
4254,0
4256,0
4258,1
4259,0
4261,0
4262,0
4264,0
4265,1
4266,0
4267,1
4268,0
4269,1
4270,1
4271,1
4272,1
4273,0
4274,1
4276,0
4278,1
4279,1
4280,0
4281,1
4282,0
4283,1
4285,1
4286,0
4287,1
4288,1
4291,0
4292,1
4293,1
4294,1
4295,0
4297,1
4298,1
4299,0
4300,1
4301,0
4302,1
4303,0
4304,1
4307,0
4308,1
4309,1
4310,0
4312,1
4313,1
4314,1
4315,0
4316,1
4317,0
4318,1
4321,1
4322,0
4323,1
4324,1
4325,0
4326,1
4327,0
4329,0
4330,1
4331,1
4333,1
4335,1
4337,0
4338,1
4339,1
4340,0
4342,1
4343,0
4344,0
4346,1
4347,0
4348,0
4349,1
4350,0
4351,0
4352,1
4354,1
4355,1
4356,0
4357,0
4359,0
4360,0
4361,0
4363,0
4364,1
4365,0
4366,0
4367,0
4368,0
4369,0
4370,0
4372,0
4373,0
4374,0
4375,1
4376,0
4377,0
4378,1
4379,1
4380,0
4381,0
4382,1
4383,0
4384,0
4385,1
4388,0
4389,1
4391,0
4392,1
4393,0
4395,1
4396,0
4397,1
4398,1
4400,0
4401,1
4402,0
4403,0
4404,0
4405,0
4406,1
4407,1
4408,0
4409,1
4410,1
4411,1
4412,0
4413,1
4415,1
4416,1
4417,0
4418,0
4420,0
4421,0
4422,1
4423,1
4424,0
4425,0
4429,0
4430,0
4431,1
4432,1
4433,0
4435,1
4436,1
4437,0
4438,1
4439,0
4440,0
4441,1
4442,0
4443,1
4444,0
4445,0
4446,0
4447,1
4448,0
4449,0
4450,0
4452,1
4454,0
4455,1
4456,1
4457,0
4458,0
4459,1
4460,1
4461,1
4462,0
4463,0
4464,1
4466,0
4467,1
4468,0
4469,0
4470,1
4471,0
4472,1
4473,0
4474,1
4475,1
4476,0
4477,0
4478,0
4479,1
4481,0
4482,0
4483,0
4486,0
4487,0
4488,0
4491,0
4493,1
4494,0
4496,0
4499,1
4501,1
4504,0
4505,0
4507,0
4508,0
4509,0
4510,1
4511,0
4512,1
4513,0
4514,0
4515,1
4516,1
4517,0
4518,1
4519,0
4520,0
4521,1
4522,1
4524,1
4526,1
4527,0
4528,1
4529,0
4530,0
4532,0
4533,0
4534,1
4535,0
4536,0
4537,0
4538,0
4539,0
4540,1
4542,0
4543,1
4544,0
4545,1
4546,1
4547,0
4548,1
4549,0
4550,0
4551,0
4552,1
4553,1
4554,1
4555,0
4556,1
4557,0
4558,0
4559,1
4560,1
4561,1
4563,1
4564,1
4565,1
4566,0
4567,0
4568,1
4569,1
4570,0
4571,0
4572,1
4573,0
4574,0
4575,0
4576,0
4578,1
4579,0
4581,0
4583,0
4584,0
4585,1
4586,0
4587,1
4588,1
4589,0
4590,0
4592,1
4593,1
4594,0
4595,1
4597,1
4598,1
4599,0
4600,1
4601,1
4602,0
4603,0
4604,1
4605,0
4606,1
4607,0
4608,0
4610,1
4612,0
4613,0
4614,1
4615,0
4616,1
4617,0
4618,1
4619,1
4620,0
4621,1
4622,0
4623,0
4624,1
4626,0
4627,0
4628,1
4629,1
4630,0
4631,1
4632,1
4633,0
4634,1
4635,0
4636,0
4637,0
4640,0
4641,1
4642,1
4643,1
4644,1
4646,0
4647,1
4648,0
4650,0
4651,1
4652,0
4654,0
4655,1
4657,1
4658,0
4660,1
4661,1
4662,1
4663,0
4664,0
4667,1
4668,1
4669,1
4670,0
4671,1
4672,1
4674,0
4675,0
4676,0
4677,0
4678,1
4679,0
4680,0
4682,1
4683,0
4684,1
4685,1
4686,0
4687,0
4688,0
4689,1
4690,0
4691,0
4692,1
4693,0
4694,1
4695,0
4696,0
4698,0
4699,0
4700,0
4701,0
4702,1
4703,1
4704,1
4705,0
4706,1
4707,1
4708,1
4709,0
4710,0
4711,1
4715,1
4716,1
4717,1
4718,0
4719,0
4720,1
4721,1
4722,0
4723,1
4724,1
4725,1
4729,1
4730,0
4731,0
4732,1
4733,1
4734,0
4735,0
4736,0
4737,1
4738,1
4739,1
4740,1
4741,0
4742,1
4743,0
4744,1
4745,1
4747,0
4749,0
4750,0
4751,0
4755,0
4756,1
4757,1
4758,1
4759,1
4760,0
4761,0
4762,1
4763,1
4764,0
4765,1
4766,1
4768,1
4770,0
4772,0
4773,0
4774,1
4775,0
4777,0
4778,1
4779,0
4780,1
4781,1
4782,1
4783,1
4785,0
4786,0
4787,0
4789,0
4790,0
4791,1
4792,1
4793,0
4794,1
4795,1
4796,1
4797,1
4798,0
4799,0
4802,1
4803,1
4804,1
4805,1
4806,1
4807,1
4808,1
4809,1
4810,1
4811,0
4812,1
4813,1
4814,0
4815,1
4816,0
4817,0
4818,0
4819,1
4820,1
4821,0
4822,0
4823,1
4824,1
4826,0
4827,0
4829,1
4830,1
4831,1
4832,1
4833,0
4834,1
4835,1
4836,1
4837,1
4838,0
4839,0
4840,0
4841,1
4842,0
4844,0
4845,1
4846,0
4847,0
4848,0
4849,0
4850,1
4851,1
4852,0
4853,1
4854,1
4855,0
4856,1
4857,0
4858,1
4859,0
4860,1
4861,0
4862,0
4863,1
4864,0
4866,0
4867,0
4868,1
4869,1
4870,0
4871,0
4872,0
4873,0
4874,1
4875,1
4876,1
4877,0
4878,0
4880,1
4881,0
4882,1
4883,1
4885,0
4886,0
4887,0
4888,0
4889,0
4890,1
4891,0
4892,1
4895,1
4896,0
4897,1
4898,0
4899,1
4900,0
4902,0
4903,0
4904,0
4905,0
4906,1
4907,0
4911,1
4912,1
4913,0
4914,1
4915,0
4916,1
4917,0
4918,0
4919,1
4920,0
4922,1
4923,0
4924,0
4925,0
4926,1
4927,1
4928,1
4929,0
4931,1
4933,0
4934,1
4935,0
4936,0
4937,0
4938,0
4939,0
4940,1
4942,1
4943,0
4945,0
4946,1
4947,1
4948,0
4949,0
4950,0
4953,1
4954,1
4955,0
4957,1
4959,1
4960,0
4961,0
4962,0
4963,0
4965,0
4966,0
4968,0
4969,0
4970,0
4973,1
4974,1
4975,0
4976,1
4977,0
4979,0
4981,1
4982,1
4983,1
4984,1
4986,1
4987,1
4989,0
4990,0
4992,0
4994,0
4996,1
4997,0
4998,0
4999,1
5000,0
5001,1
5003,1
5005,1
5006,1
5007,0
5008,1
5009,0
5010,0
5012,0
5013,1
5014,0
5015,1
5016,1
5017,0
5020,0
5022,0
5023,1
5024,1
5025,1
5026,1
5027,1
5028,0
5029,1
5030,1
5031,0
5033,0
5034,1
5036,0
5037,0
5038,0
5039,0
5040,1
5041,0
5042,0
5043,0
5045,1
5046,0
5047,0
5049,1
5050,0
5051,1
5052,0
5053,1
5056,0
5057,1
5059,1
5061,1
5062,0
5063,0
5064,1
5065,0
5067,1
5068,0
5069,0
5070,1
5071,0
5072,0
5073,0
5075,0
5076,1
5077,1
5080,0
5081,0
5082,1
5083,0
5084,0
5086,1
5087,1
5088,0
5089,1
5090,0
5091,0
5093,1
5094,1
5095,0
5096,1
5097,0
5098,1
5099,0
5100,1
5102,1
5103,0
5104,0
5105,0
5106,0
5107,1
5108,1
5109,1
5111,0
5112,1
5115,1
5116,0
5117,0
5118,0
5119,1
5120,1
5122,1
5123,0
5124,1
5126,1
5127,0
5128,0
5129,0
5130,0
5131,0
5132,1
5133,1
5134,0
5135,1
5136,1
5137,0
5138,1
5140,0
5141,0
5144,0
5145,0
5146,0
5149,0
5150,0
5151,1
5152,1
5153,0
5154,1
5156,1
5158,1
5159,0
5160,1
5161,1
5162,0
5163,1
5164,1
5165,1
5166,0
5167,1
5168,0
5169,0
5170,1
5172,0
5174,0
5176,0
5177,1
5178,1
5179,1
5181,0
5182,0
5183,1
5184,1
5185,1
5186,1
5187,1
5188,0
5189,1
5190,0
5191,1
5192,1
5193,0
5195,1
5196,1
5197,0
5198,1
5199,1
5200,0
5202,0
5203,1
5204,1
5205,1
5206,1
5207,0
5208,0
5209,1
5211,1
5212,1
5213,0
5214,0
5215,0
5216,0
5217,0
5218,0
5219,1
5220,0
5221,0
5222,1
5223,1
5224,0
5225,1
5226,1
5227,1
5228,0
5229,1
5231,0
5232,0
5233,1
5234,1
5236,1
5237,0
5238,0
5240,0
5242,0
5243,1
5244,0
5245,1
5246,0
5247,0
5248,1
5250,1
5251,0
5252,0
5253,0
5255,1
5257,0
5258,1
5259,0
5260,1
5262,0
5263,0
5264,0
5265,1
5267,1
5268,0
5269,0
5270,0
5273,0
5274,0
5275,0
5276,0
5277,0
5278,0
5279,0
5280,0
5281,1
5282,1
5283,1
5285,1
5286,0
5287,1
5291,1
5292,0
5293,1
5294,0
5295,0
5296,1
5297,1
5299,1
5300,1
5301,0
5302,0
5303,1
5305,1
5307,1
5308,1
5309,0
5311,1
5312,1
5314,1
5315,1
5316,0
5317,1
5319,0
5320,0
5321,0
5322,0
5323,0
5324,1
5325,0
5326,0
5327,0
5328,1
5329,1
5330,0
5331,0
5332,1
5333,1
5334,1
5335,1
5336,1
5337,0
5338,1
5339,1
5340,1
5341,1
5342,1
5343,0
5344,0
5345,1
5346,0
5347,1
5348,0
5349,0
5351,0
5352,1
5353,1
5354,1
5355,1
5357,0
5358,0
5359,0
5360,1
5362,0
5363,1
5364,0
5365,0
5367,0
5368,1
5369,0
5370,0
5371,0
5373,0
5374,0
5375,0
5376,0
5377,0
5378,0
5379,1
5380,0
5381,1
5382,1
5384,0
5385,1
5386,0
5388,0
5390,1
5391,1
5393,0
5394,1
5395,0
5396,0
5397,1
5398,1
5399,0
5400,0
5401,1
5402,0
5403,1
5404,1
5406,1
5407,0
5409,0
5410,0
5412,0
5413,1
5414,1
5417,0
5418,1
5419,0
5420,0
5421,1
5422,1
5423,1
5424,1
5425,1
5426,0
5427,1
5428,1
5429,0
5430,1
5431,0
5432,0
5433,0
5434,1
5435,0
5436,1
5437,0
5438,1
5439,1
5440,0
5441,1
5443,1
5444,0
5445,0
5446,1
5447,1
5450,1
5451,0
5452,0
5453,1
5454,0
5455,1
5457,0
5458,1
5459,1
5460,1
5461,1
5462,1
5463,1
5464,1
5465,0
5466,0
5467,1
5468,1
5470,0
5471,0
5472,1
5473,1
5474,1
5475,1
5476,0
5477,0
5478,0
5480,0
5481,0
5483,0
5484,1
5486,0
5487,1
5489,0
5490,1
5491,0
5492,0
5493,1
5494,1
5495,1
5496,0
5497,0
5498,1
5499,0
5500,1
5501,0
5502,0
5503,0
5504,0
5505,0
5506,1
5508,0
5510,0
5511,0
5512,0
5513,0
5514,1
5515,1
5516,0
5517,1
5518,1
5519,0
5520,0
5521,1
5524,0
5525,0
5526,1
5527,0
5529,0
5530,0
5531,1
5532,1
5533,0
5536,0
5537,1
5539,1
5540,1
5541,0
5543,1
5544,0
5546,1
5547,1
5548,0
5549,1
5550,0
5551,1
5552,1
5553,1
5554,0
5555,1
5556,0
5557,1
5558,1
5559,1
5560,1
5561,1
5562,0
5563,0
5564,1
5565,0
5566,0
5567,0
5568,1
5569,0
5570,0
5571,0
5572,0
5573,1
5574,0
5576,0
5577,1
5578,1
5581,0
5582,0
5583,1
5584,1
5585,0
5587,1
5588,0
5589,1
5590,0
5592,0
5593,0
5594,0
5595,0
5596,1
5597,0
5598,0
5599,0
5600,0
5601,1
5602,0
5604,1
5605,0
5606,1
5607,1
5608,1
5609,1
5610,0
5611,1
5613,0
5614,1
5615,0
5616,1
5618,1
5621,1
5623,0
5624,0
5625,0
5626,1
5627,1
5628,0
5629,1
5630,1
5631,1
5632,0
5633,0
5635,0
5636,0
5637,0
5642,0
5643,1
5644,0
5645,0
5646,1
5647,0
5648,0
5649,0
5650,0
5651,1
5652,1
5655,1
5656,1
5657,0
5659,0
5660,1
5661,1
5662,1
5665,1
5666,0
5667,1
5668,0
5669,0
5671,0
5672,1
5673,0
5674,0
5675,0
5676,0
5678,0
5679,1
5680,1
5681,1
5682,0
5683,1
5685,0
5686,0
5687,0
5688,0
5689,1
5690,1
5691,0
5693,1
5694,0
5695,0
5696,0
5697,0
5698,0
5699,1
5700,1
5701,1
5702,1
5703,0
5704,1
5705,1
5707,1
5710,0
5712,1
5713,1
5714,1
5715,1
5716,0
5717,1
5718,1
5719,0
5720,0
5721,0
5722,0
5723,0
5725,0
5726,1
5728,1
5729,0
5730,0
5731,1
5732,1
5733,0
5734,1
5735,0
5736,0
5737,0
5738,1
5739,0
5740,0
5742,1
5743,1
5746,0
5747,1
5748,0
5749,0
5750,0
5751,0
5753,0
5754,0
5755,1
5756,1
5757,0
5761,0
5762,0
5764,0
5765,1
5766,1
5767,1
5768,1
5770,0
5771,1
5772,0
5773,1
5774,1
5775,0
5776,0
5777,1
5778,0
5782,0
5783,0
5784,0
5785,0
5786,1
5789,1
5790,0
5791,0
5792,0
5793,0
5794,0
5795,1
5796,0
5797,0
5798,1
5799,1
5800,1
5801,1
5802,1
5804,1
5806,1
5807,0
5808,0
5809,0
5811,0
5812,1
5813,0
5814,1
5815,0
5817,0
5818,1
5819,0
5820,1
5821,0
5824,1
5826,0
5827,0
5828,1
5829,1
5830,0
5831,1
5833,0
5834,0
5836,1
5837,0
5838,0
5840,1
5841,1
5843,1
5845,1
5847,1
5848,0
5849,1
5850,1
5852,0
5853,1
5854,0
5855,0
5857,0
5858,0
5859,0
5860,0
5861,0
5862,1
5863,0
5864,1
5865,1
5866,0
5867,0
5868,1
5870,0
5871,0
5872,1
5873,0
5874,1
5875,0
5877,0
5878,0
5880,0
5882,0
5884,1
5885,1
5886,0
5888,0
5889,1
5890,1
5891,0
5892,0
5893,1
5894,0
5895,1
5896,0
5897,1
5898,0
5899,0
5900,0
5901,1
5902,1
5903,1
5904,1
5906,0
5907,0
5908,0
5909,0
5911,0
5912,1
5913,0
5914,1
5915,0
5916,1
5917,1
5918,0
5920,1
5921,1
5922,0
5924,1
5926,0
5927,1
5928,1
5930,0
5932,1
5933,1
5935,1
5936,1
5937,0
5940,0
5942,0
5943,0
5944,1
5945,0
5946,0
5947,1
5948,0
5949,0
5950,0
5951,0
5952,0
5953,1
5954,1
5956,0
5957,0
5958,1
5959,0
5960,0
5961,1
5962,0
5963,0
5965,1
5966,0
5967,1
5968,1
5970,1
5971,0
5972,1
5973,1
5974,0
5975,0
5976,0
5979,0
5980,1
5981,0
5982,0
5983,1
5986,0
5987,0
5989,1
5990,1
5991,0
5992,0
5993,1
5994,0
5996,1
5997,0
5998,0
5999,0
6000,0
6001,0
6002,0
6003,0
6004,1
6005,0
6006,1
6007,0
6008,1
6010,1
6011,0
6012,1
6013,1
6014,1
6015,1
6016,0
6019,0
6020,0
6021,0
6022,1
6023,0
6024,1
6025,0
6027,0
6028,0
6029,0
6030,0
6033,0
6034,1
6035,0
6036,0
6037,0
6038,1
6039,0
6040,1
6041,1
6042,1
6043,0
6044,1
6045,1
6046,1
6047,1
6048,0
6049,1
6050,1
6051,0
6052,1
6054,0
6058,0
6059,0
6060,1
6062,0
6063,0
6064,1
6067,1
6068,1
6069,0
6070,1
6071,0
6072,0
6073,0
6074,1
6075,0
6076,1
6078,0
6080,1
6081,0
6083,1
6084,1
6085,0
6086,0
6088,0
6089,0
6090,1
6091,0
6092,1
6093,1
6095,0
6096,1
6097,0
6098,1
6100,0
6101,0
6102,0
6105,1
6106,1
6107,1
6108,0
6109,0
6110,0
6111,1
6113,0
6114,1
6115,1
6116,1
6117,1
6118,0
6120,0
6121,1
6122,0
6123,0
6124,0
6125,0
6126,0
6127,0
6128,1
6129,0
6130,1
6131,0
6132,0
6133,0
6134,0
6135,1
6136,0
6137,0
6138,0
6139,0
6140,0
6142,0
6143,1
6144,1
6146,1
6147,0
6148,1
6149,0
6150,1
6151,1
6153,0
6154,0
6155,0
6156,0
6157,0
6159,0
6160,0
6161,0
6162,0
6163,0
6164,0
6165,1
6166,0
6167,1
6168,1
6169,0
6170,1
6171,0
6172,0
6173,0
6174,0
6176,1
6179,1
6180,0
6181,0
6182,0
6183,0
6184,0
6185,1
6187,0
6188,0
6189,1
6190,0
6191,1
6192,0
6193,0
6194,1
6195,1
6196,0
6197,1
6198,0
6199,1
6200,1
6201,1
6202,1
6203,1
6204,0
6206,1
6207,1
6209,0
6210,0
6211,0
6212,0
6213,1
6214,1
6215,0
6216,0
6217,1
6218,1
6219,0
6220,0
6221,0
6222,1
6224,0
6225,1
6226,0
6227,0
6228,0
6229,0
6231,0
6232,0
6233,0
6234,1
6235,0
6236,0
6238,1
6239,0
6240,1
6242,0
6243,0
6246,1
6247,1
6249,1
6250,1
6251,1
6252,0
6253,1
6254,0
6255,0
6256,0
6257,1
6258,0
6259,1
6260,1
6261,0
6262,0
6264,1
6265,1
6266,1
6267,1
6268,0
6269,0
6270,1
6271,0
6272,0
6273,1
6274,0
6275,0
6276,0
6277,0
6278,0
6279,0
6280,0
6282,0
6283,0
6284,0
6285,0
6286,0
6287,1
6289,0
6290,0
6291,0
6292,1
6293,1
6294,1
6295,0
6296,0
6297,1
6298,1
6299,0
6301,0
6302,0
6303,0
6306,0
6307,0
6308,1
6310,0
6311,1
6312,0
6313,1
6314,0
6315,1
6316,0
6317,0
6319,0
6320,0
6321,1
6322,1
6323,0
6324,0
6325,1
6326,0
6327,0
6328,1
6329,0
6330,0
6331,0
6332,0
6333,0
6334,0
6336,0
6337,0
6339,0
6340,0
6341,0
6342,0
6343,1
6344,0
6346,0
6347,0
6349,0
6350,0
6351,1
6352,0
6353,0
6354,0
6355,1
6357,0
6358,1
6360,1
6361,1
6362,0
6363,0
6364,1
6365,1
6366,1
6367,0
6368,1
6369,1
6370,1
6371,0
6372,0
6373,0
6374,0
6375,0
6376,1
6377,0
6378,0
6379,1
6380,1
6383,0
6384,0
6385,1
6386,1
6387,0
6388,1
6390,0
6391,0
6392,1
6393,0
6394,0
6395,1
6396,0
6397,1
6400,0
6402,1
6403,0
6404,1
6406,1
6407,1
6408,1
6409,0
6410,1
6411,0
6412,0
6413,0
6414,1
6415,0
6416,0
6417,1
6418,0
6420,1
6421,1
6422,0
6423,1
6424,0
6425,0
6426,1
6428,1
6429,1
6430,0
6431,1
6432,1
6435,0
6436,0
6437,1
6439,1
6441,0
6443,1
6444,0
6445,1
6446,0
6447,1
6448,1
6449,0
6450,1
6451,0
6452,0
6453,1
6454,1
6455,1
6456,0
6457,0
6458,0
6459,0
6460,0
6461,1
6464,0
6465,1
6466,1
6467,1
6468,1
6469,1
6471,0
6472,1
6473,0
6474,0
6477,0
6479,1
6481,1
6482,0
6483,0
6484,1
6485,0
6486,0
6487,0
6488,1
6489,1
6490,0
6491,1
6492,0
6493,0
6494,1
6495,1
6496,1
6497,0
6499,0
6501,0
6502,0
6503,0
6504,0
6505,1
6506,1
6507,1
6508,0
6510,1
6511,0
6512,1
6513,1
6514,0
6515,0
6516,0
6517,1
6519,0
6520,0
6521,1
6522,1
6523,1
6525,0
6526,1
6527,1
6528,0
6529,0
6530,0
6531,0
6535,1
6536,0
6537,0
6538,0
6539,0
6541,1
6542,1
6543,0
6544,1
6545,0
6546,1
6547,0
6548,0
6549,0
6550,0
6552,0
6553,1
6554,0
6556,1
6557,0
6559,1
6560,1
6562,0
6563,0
6564,0
6566,1
6567,1
6568,1
6569,0
6570,1
6571,0
6572,0
6573,1
6574,0
6576,0
6577,1
6578,0
6580,0
6581,1
6582,1
6583,1
6584,0
6585,0
6586,0
6587,0
6588,0
6590,1
6591,1
6592,1
6594,0
6595,0
6596,0
6597,0
6598,0
6599,1
6601,0
6602,0
6603,0
6605,0
6606,0
6607,0
6608,0
6609,1
6610,0
6611,0
6612,0
6614,0
6615,0
6616,0
6617,0
6618,0
6619,0
6620,1
6621,0
6623,1
6624,0
6625,1
6626,0
6627,0
6628,0
6629,0
6630,0
6632,0
6633,1
6635,0
6636,0
6637,1
6639,0
6640,0
6641,0
6643,1
6645,1
6646,1
6647,0
6648,1
6651,0
6652,1
6653,0
6654,0
6655,0
6656,1
6657,0
6658,0
6659,0
6660,1
6661,0
6662,0
6663,0
6664,0
6665,1
6666,1
6667,0
6668,1
6669,0
6671,0
6672,0
6673,0
6674,0
6675,1
6676,1
6677,1
6678,1
6679,0
6680,0
6681,0
6684,1
6685,0
6686,1
6687,1
6688,0
6690,1
6691,1
6692,1
6693,0
6694,1
6695,1
6696,0
6697,1
6698,1
6700,0
6701,1
6702,0
6703,0
6704,1
6705,0
6706,1
6707,0
6709,0
6710,0
6711,0
6712,0
6714,1
6715,1
6716,0
6717,0
6718,0
6719,1
6720,0
6721,0
6722,0
6723,1
6724,0
6725,0
6726,1
6727,0
6728,0
6730,1
6731,0
6732,1
6733,1
6734,1
6736,1
6737,1
6738,1
6739,0
6740,0
6741,0
6742,0
6743,0
6744,0
6745,1
6746,0
6747,1
6748,0
6749,0
6750,0
6751,0
6752,0
6754,1
6755,1
6756,0
6758,1
6759,1
6760,1
6761,1
6762,1
6763,0
6764,1
6765,1
6766,0
6767,1
6768,1
6769,0
6770,1
6771,0
6772,0
6773,1
6774,1
6775,1
6776,1
6777,1
6778,1
6779,1
6781,0
6782,1
6783,0
6784,1
6785,1
6786,0
6787,0
6788,0
6790,0
6791,0
6792,1
6793,0
6794,0
6795,0
6796,1
6797,0
6798,0
6799,0
6800,1
6801,0
6802,0
6805,0
6807,0
6808,0
6809,0
6810,0
6811,0
6812,0
6814,0
6815,0
6816,1
6817,1
6818,1
6819,0
6820,0
6821,0
6822,0
6823,0
6825,1
6826,1
6827,0
6829,0
6830,1
6831,0
6832,1
6833,0
6834,0
6835,0
6836,0
6837,0
6838,1
6839,1
6840,1
6843,0
6844,0
6845,0
6847,1
6848,1
6849,1
6850,0
6851,0
6852,1
6853,1
6854,0
6855,0
6856,1
6857,0
6858,1
6859,1
6860,1
6861,1
6862,0
6863,0
6864,0
6865,0
6866,1
6867,1
6869,0
6870,0
6871,0
6872,0
6873,0
6874,0
6875,1
6876,1
6877,0
6879,0
6880,0
6881,0
6882,0
6884,0
6885,0
6886,1
6887,1
6888,0
6889,0
6891,0
6892,1
6893,0
6895,0
6896,0
6897,1
6898,1
6899,0
6900,0
6902,1
6903,0
6904,0
6905,1
6906,1
6907,0
6908,1
6910,0
6911,1
6913,1
6914,0
6915,0
6916,1
6917,0
6920,0
6921,0
6922,0
6923,0
6924,0
6925,0
6927,0
6928,0
6929,1
6930,1
6931,1
6933,0
6934,0
6935,0
6936,1
6939,0
6940,0
6941,1
6942,1
6944,0
6946,1
6947,1
6948,0
6949,0
6950,0
6951,0
6952,1
6953,0
6954,0
6955,1
6956,1
6957,0
6958,1
6959,1
6960,0
6961,1
6962,1
6963,1
6964,1
6965,1
6966,1
6968,0
6969,0
6971,1
6972,0
6973,0
6974,0
6975,1
6976,1
6977,1
6978,0
6979,0
6980,1
6981,1
6984,1
6985,0
6986,0
6988,1
6989,1
6990,1
6991,1
6992,1
6994,1
6995,0
6996,1
6997,0
6998,0
6999,0
7000,1
7001,1
7003,1
7005,1
7006,0
7007,0
7008,0
7010,1
7011,0
7012,1
7013,1
7014,0
7015,1
7017,1
7019,0
7020,0
7021,1
7022,0
7023,0
7025,1
7026,1
7027,1
7029,0
7030,0
7031,1
7032,0
7033,0
7034,0
7035,0
7036,0
7037,1
7038,0
7039,1
7040,1
7041,0
7042,1
7043,1
7045,1
7046,0
7047,0
7049,1
7050,0
7051,0
7052,1
7053,1
7054,1
7055,0
7056,1
7057,1
7059,0
7060,1
7061,0
7062,1
7063,1
7066,0
7067,0
7068,0
7069,0
7070,0
7071,1
7073,1
7074,1
7075,1
7076,0
7077,1
7078,0
7079,1
7081,0
7082,1
7083,0
7084,0
7086,0
7087,1
7088,1
7089,0
7090,0
7092,1
7093,1
7094,0
7095,0
7096,1
7097,1
7099,0
7100,1
7101,0
7102,0
7103,0
7104,1
7105,1
7106,0
7107,0
7108,0
7109,1
7110,1
7111,0
7112,1
7113,0
7114,1
7115,0
7116,1
7117,1
7119,0
7120,0
7121,0
7122,1
7123,1
7124,0
7126,1
7127,0
7129,1
7130,0
7132,1
7133,1
7134,1
7135,1
7136,1
7138,0
7140,1
7141,0
7142,0
7143,0
7144,0
7145,1
7146,0
7147,1
7148,0
7149,1
7150,1
7151,1
7152,1
7153,0
7154,1
7155,0
7157,0
7158,1
7160,0
7161,0
7162,1
7163,1
7164,0
7165,0
7166,1
7167,0
7168,0
7169,1
7170,1
7171,1
7172,0
7173,1
7174,0
7175,1
7176,1
7178,0
7179,0
7180,0
7181,0
7182,1
7183,0
7184,0
7185,0
7187,1
7188,1
7189,0
7190,1
7191,1
7193,1
7195,1
7196,1
7198,0
7199,1
7200,1
7202,0
7203,0
7205,0
7206,1
7208,1
7209,0
7210,0
7211,0
7212,1
7213,1
7214,1
7215,1
7216,0
7217,0
7218,0
7219,1
7220,0
7221,1
7222,1
7223,0
7224,0
7225,1
7226,1
7227,1
7228,1
7229,1
7231,1
7232,0
7233,0
7234,1
7235,0
7236,0
7237,1
7238,1
7239,1
7240,0
7241,0
7243,0
7245,1
7247,1
7248,0
7249,0
7251,0
7252,1
7253,0
7254,1
7256,0
7257,0
7258,0
7259,0
7260,1
7261,1
7262,0
7263,1
7264,1
7265,0
7267,1
7268,0
7269,0
7270,0
7272,1
7274,0
7275,1
7276,1
7277,0
7278,1
7279,0
7280,0
7281,0
7282,0
7283,1
7284,0
7285,0
7286,0
7288,0
7290,1
7291,1
7293,0
7294,1
7295,1
7296,0
7297,0
7298,0
7299,0
7300,0
7302,0
7303,0
7304,0
7305,0
7306,0
7307,1
7308,0
7309,1
7310,1
7314,1
7315,0
7316,1
7317,1
7318,0
7319,0
7320,0
7321,0
7323,0
7325,1
7326,0
7327,0
7328,1
7329,1
7330,0
7331,1
7332,0
7333,1
7334,0
7335,1
7336,0
7337,0
7338,0
7340,0
7342,0
7344,1
7345,1
7347,1
7349,1
7353,0
7354,1
7355,1
7356,1
7357,1
7358,0
7359,1
7360,1
7361,0
7362,0
7363,1
7364,1
7366,0
7367,1
7368,1
7369,0
7370,0
7371,0
7372,1
7373,0
7374,1
7376,1
7377,1
7378,0
7380,1
7382,0
7383,1
7385,1
7386,1
7387,0
7388,0
7389,0
7390,1
7391,0
7392,0
7393,1
7394,1
7395,0
7396,0
7401,0
7404,1
7407,1
7409,0
7410,0
7411,1
7413,1
7414,0
7415,0
7417,1
7418,0
7419,1
7420,0
7421,0
7422,1
7423,0
7424,0
7425,1
7426,1
7427,0
7428,1
7430,0
7433,0
7435,0
7437,1
7438,0
7439,1
7440,0
7441,0
7442,1
7443,0
7444,0
7445,0
7446,0
7447,0
7449,0
7450,1
7451,0
7453,1
7454,0
7455,1
7456,1
7457,1
7458,0
7459,0
7460,0
7461,1
7462,1
7463,1
7465,0
7466,0
7467,1
7468,0
7469,1
7470,0
7471,0
7472,1
7473,0
7474,0
7476,1
7477,1
7478,0
7480,0
7482,1
7483,0
7484,0
7485,0
7486,0
7488,0
7490,1
7491,0
7493,0
7494,0
7495,0
7496,0
7497,0
7498,1
7499,0
7500,0
7501,1
7502,1
7503,0
7504,0
7505,0
7506,0
7507,0
7508,0
7509,1
7510,0
7511,0
7512,0
7513,1
7514,1
7517,1
7518,0
7519,0
7520,0
7521,1
7522,0
7523,0
7524,1
7525,0
7529,0
7530,1
7531,1
7532,1
7533,1
7534,1
7535,1
7536,0
7537,0
7538,0
7541,0
7542,0
7544,1
7545,1
7546,0
7547,1
7548,1
7549,1
7551,1
7554,1
7555,0
7556,1
7557,1
7559,1
7560,1
7561,0
7562,0
7563,1
7564,1
7565,0
7566,1
7567,1
7568,1
7569,0
7570,1
7571,0
7572,0
7574,1
7575,1
7577,1
7578,0
7579,1
7580,1
7581,1
7582,0
7583,1
7584,0
7585,0
7586,0
7587,1
7588,0
7590,0
7591,0
7592,1
7593,1
7594,1
7595,1
7596,0
7597,0
7598,0
7599,1
7600,0
7601,0
7602,1
7603,0
7604,0
7605,0
7606,0
7607,1
7608,0
7609,0
7610,0
7611,1
7612,1
7616,0
7617,0
7618,1
7619,1
7620,1
7621,1
7622,1
7623,1
7624,1
7625,0
7627,1
7628,1
7629,0
7631,1
7632,0
7633,1
7634,0
7636,0
7637,1
7638,1
7639,1
7640,1
7641,0
7642,0
7643,0
7645,0
7646,1
7647,1
7648,1
7649,0
7650,0
7651,0
7652,1
7654,0
7656,1
7658,0
7659,0
7660,0
7661,1
7662,1
7663,0
7664,1
7665,0
7666,0
7667,0
7668,1
7669,1
7670,0
7672,0
7674,0
7675,1
7676,0
7677,1
7678,1
7679,1
7680,0
7681,1
7682,0
7683,1
7684,1
7685,1
7686,0
7687,1
7688,1
7689,0
7690,0
7691,1
7693,1
7694,0
7695,0
7696,1
7697,1
7698,1
7699,1
7701,1
7702,1
7704,0
7705,0
7707,1
7708,0
7709,0
7710,0
7712,0
7713,0
7714,1
7715,0
7717,0
7718,0
7719,1
7720,0
7722,1
7724,1
7726,0
7728,0
7729,0
7730,0
7732,0
7733,0
7734,1
7735,0
7736,0
7737,0
7738,0
7739,1
7740,1
7741,0
7742,0
7745,1
7747,1
7748,0
7749,1
7751,0
7752,1
7755,0
7757,0
7760,1
7761,0
7762,1
7763,0
7764,1
7765,1
7766,1
7767,0
7769,0
7770,0
7771,0
7773,1
7774,1
7775,0
7777,0
7778,1
7779,1
7780,0
7781,1
7782,1
7783,0
7784,1
7785,0
7787,1
7788,0
7790,0
7791,0
7792,1
7793,1
7794,0
7795,1
7796,0
7797,0
7798,0
7799,0
7800,0
7801,0
7802,0
7803,0
7804,0
7805,0
7806,0
7807,0
7808,1
7809,1
7810,0
7811,0
7812,0
7813,1
7815,0
7816,1
7818,0
7821,1
7823,1
7824,0
7825,0
7829,1
7830,1
7831,1
7832,0
7833,0
7834,1
7836,1
7837,0
7838,0
7839,1
7841,0
7842,1
7843,0
7844,0
7845,1
7846,1
7847,0
7848,0
7849,1
7850,1
7852,1
7853,1
7854,0
7856,1
7857,0
7858,0
7859,0
7860,1
7861,0
7862,0
7865,0
7866,0
7867,0
7870,1
7872,0
7873,1
7874,0
7875,1
7876,0
7878,1
7879,0
7880,0
7881,0
7883,0
7885,0
7886,1
7887,0
7890,0
7891,1
7892,1
7893,1
7894,1
7895,0
7896,1
7897,0
7898,0
7899,0
7900,0
7901,0
7902,1
7903,1
7905,1
7906,0
7907,0
7908,1
7909,0
7910,1
7911,0
7912,0
7913,0
7914,0
7915,0
7916,0
7917,1
7918,0
7919,1
7920,1
7921,0
7922,0
7923,0
7924,0
7925,0
7926,0
7927,0
7928,0
7930,1
7931,1
7932,1
7933,0
7934,0
7935,1
7936,1
7937,1
7938,0
7939,0
7940,1
7941,0
7942,1
7943,1
7944,1
7946,0
7947,0
7948,0
7949,1
7950,0
7951,0
7952,1
7953,0
7955,0
7956,0
7957,1
7958,1
7959,0
7960,0
7961,0
7962,1
7963,1
7964,1
7965,1
7968,1
7969,1
7971,0
7973,0
7975,0
7976,0
7977,0
7978,0
7979,1
7980,0
7981,1
7982,1
7983,0
7984,0
7985,1
7986,1
7987,0
7988,1
7990,0
7992,1
7994,1
7995,0
7996,1
7997,1
7998,0
7999,1
8000,0
8001,1
8002,0
8003,0
8004,0
8005,0
8006,1
8007,1
8008,1
8009,1
8010,1
8011,0
8012,0
8013,0
8015,0
8017,0
8018,0
8019,0
8020,0
8022,1
8024,1
8025,1
8026,0
8027,1
8028,1
8030,1
8031,1
8032,0
8034,0
8035,1
8036,1
8038,1
8040,0
8041,1
8042,1
8043,0
8046,1
8047,1
8050,0
8051,0
8053,0
8054,1
8055,0
8056,1
8057,0
8058,0
8059,0
8060,1
8061,1
8062,1
8064,1
8065,1
8066,1
8067,1
8068,1
8069,1
8070,0
8071,0
8072,1
8073,1
8074,1
8075,0
8077,0
8078,0
8079,1
8080,0
8081,1
8083,1
8084,1
8088,0
8089,1
8090,1
8092,0
8093,1
8094,1
8095,1
8096,1
8098,0
8100,0
8101,1
8102,0
8104,0
8105,1
8106,0
8107,1
8108,1
8109,0
8110,0
8111,1
8112,0
8113,1
8114,1
8115,1
8117,1
8118,0
8119,1
8121,1
8122,1
8123,0
8124,1
8125,0
8126,1
8127,0
8128,0
8129,1
8130,1
8131,0
8132,1
8133,0
8134,1
8135,0
8136,0
8137,1
8138,1
8139,1
8140,0
8141,0
8142,1
8143,0
8145,1
8146,0
8147,1
8148,0
8151,1
8152,0
8154,0
8155,1
8156,1
8157,0
8159,0
8161,0
8163,0
8166,1
8167,0
8168,0
8169,0
8171,0
8173,0
8174,0
8175,0
8176,0
8177,0
8178,0
8180,1
8181,0
8182,0
8183,1
8184,0
8185,1
8187,1
8188,0
8189,1
8190,1
8191,1
8192,1
8194,0
8195,1
8196,1
8197,0
8198,0
8199,1
8200,1
8201,1
8202,0
8203,0
8204,1
8205,1
8206,1
8208,1
8209,1
8210,0
8211,1
8212,0
8213,0
8214,1
8216,0
8217,1
8218,0
8219,0
8220,0
8221,0
8222,0
8223,0
8225,1
8226,1
8227,1
8228,0
8229,0
8230,0
8231,0
8232,1
8233,0
8234,0
8235,1
8236,0
8238,0
8239,1
8240,0
8241,0
8243,1
8244,1
8246,0
8247,0
8248,0
8249,1
8250,1
8251,1
8252,1
8253,0
8254,1
8255,1
8258,1
8259,1
8260,0
8261,1
8263,1
8264,0
8266,0
8267,0
8268,1
8269,0
8270,0
8271,0
8272,0
8274,0
8275,0
8276,1
8277,1
8278,1
8279,1
8280,0
8281,1
8282,1
8283,1
8284,1
8285,0
8287,0
8289,1
8290,0
8291,1
8292,0
8293,0
8294,0
8295,1
8297,0
8299,0
8300,0
8301,1
8302,0
8303,1
8304,0
8306,1
8309,1
8310,0
8311,1
8312,1
8313,1
8314,1
8315,1
8316,1
8317,0
8318,0
8319,1
8320,0
8321,1
8322,0
8324,0
8325,0
8326,1
8327,0
8329,0
8330,0
8331,0
8332,1
8334,0
8335,1
8336,0
8337,0
8338,0
8339,0
8340,0
8341,0
8342,1
8344,0
8345,1
8346,1
8347,0
8348,1
8349,0
8350,0
8352,0
8353,0
8354,0
8355,0
8356,1
8357,1
8358,1
8359,0
8360,1
8361,0
8362,1
8363,0
8364,1
8365,0
8366,1
8367,0
8368,0
8369,0
8370,0
8371,0
8372,1
8373,1
8374,1
8375,1
8376,0
8377,0
8378,0
8379,1
8381,0
8382,0
8383,0
8384,0
8385,0
8386,0
8387,1
8388,0
8389,0
8391,1
8392,1
8393,0
8394,1
8395,1
8396,0
8397,0
8398,1
8400,1
8401,0
8403,1
8404,0
8405,0
8406,1
8408,0
8409,0
8410,0
8411,0
8412,0
8413,0
8415,1
8416,0
8417,0
8419,0
8420,0
8421,0
8423,1
8424,1
8425,1
8426,1
8428,1
8429,0
8430,0
8432,1
8433,0
8434,0
8435,1
8436,1
8437,1
8438,0
8439,1
8440,0
8441,1
8443,0
8444,0
8446,0
8449,1
8450,0
8452,1
8453,1
8454,0
8455,1
8457,0
8458,0
8459,1
8460,1
8461,1
8462,0
8464,1
8465,1
8466,1
8467,0
8468,0
8469,0
8470,0
8471,0
8472,1
8473,1
8474,0
8476,1
8477,0
8478,0
8479,0
8480,1
8481,0
8482,0
8483,1
8484,0
8485,0
8486,1
8487,0
8488,0
8489,0
8490,0
8491,1
8492,0
8494,1
8495,0
8496,0
8497,0
8498,0
8499,0
8500,1
8501,0
8502,0
8504,1
8505,0
8506,1
8507,1
8508,0
8512,1
8513,0
8514,0
8515,1
8516,1
8517,1
8518,0
8519,1
8520,0
8521,0
8523,0
8525,0
8526,1
8527,1
8528,0
8529,0
8530,1
8531,0
8532,1
8533,0
8534,1
8535,0
8536,0
8537,1
8538,1
8539,0
8541,0
8542,0
8543,1
8544,0
8545,0
8547,0
8548,1
8549,0
8550,1
8552,1
8553,0
8555,0
8556,1
8557,0
8558,0
8559,0
8560,1
8561,1
8563,1
8564,0
8565,1
8566,1
8567,0
8568,0
8569,0
8570,1
8571,0
8572,1
8573,0
8574,0
8575,1
8576,0
8577,0
8578,0
8579,1
8581,0
8582,1
8583,0
8584,0
8585,1
8586,0
8587,0
8588,0
8589,1
8590,1
8591,0
8592,0
8593,1
8594,0
8595,0
8597,0
8599,0
8600,1
8601,0
8603,0
8604,1
8606,1
8607,1
8608,1
8609,0
8610,0
8612,1
8613,0
8614,0
8615,1
8616,0
8617,1
8618,1
8619,1
8621,0
8622,1
8623,0
8624,1
8625,0
8626,0
8627,0
8628,1
8629,0
8630,1
8631,1
8632,0
8633,0
8634,0
8635,1
8636,0
8637,0
8638,0
8639,1
8640,0
8641,0
8642,1
8643,0
8644,0
8645,0
8646,0
8647,0
8648,0
8650,1
8651,1
8652,1
8653,0
8655,0
8656,0
8657,0
8658,1
8659,0
8662,0
8665,0
8666,0
8667,1
8668,0
8671,1
8672,0
8675,0
8676,0
8677,1
8678,1
8679,0
8680,0
8681,1
8682,1
8683,0
8684,0
8685,0
8687,1
8688,0
8689,0
8690,0
8691,1
8692,0
8694,1
8695,0
8696,1
8697,0
8698,0
8699,1
8700,0
8701,0
8702,1
8703,1
8704,1
8705,1
8706,1
8708,1
8709,1
8711,0
8712,0
8713,0
8715,0
8716,0
8717,0
8718,1
8719,1
8720,0
8721,1
8722,0
8723,1
8724,1
8725,0
8726,1
8727,1
8728,1
8729,1
8730,0
8731,0
8732,0
8733,1
8735,0
8736,0
8737,0
8738,0
8739,0
8740,1
8741,1
8742,1
8744,0
8745,1
8746,1
8747,1
8748,1
8749,0
8751,0
8753,0
8755,0
8756,1
8757,1
8758,1
8759,0
8760,1
8761,0
8762,1
8763,1
8764,0
8765,1
8766,0
8768,0
8769,1
8770,0
8771,1
8772,1
8773,1
8774,1
8775,0
8777,1
8778,1
8779,1
8780,1
8781,0
8782,1
8783,1
8784,1
8786,1
8787,0
8788,1
8789,0
8790,1
8791,0
8792,1
8793,1
8794,1
8795,1
8796,1
8797,1
8798,0
8799,0
8800,0
8801,0
8802,1
8803,1
8804,0
8805,0
8806,1
8807,1
8808,1
8809,1
8810,0
8811,0
8812,1
8813,0
8814,0
8815,0
8817,0
8819,1
8820,0
8821,1
8822,0
8824,1
8826,0
8827,1
8829,0
8830,0
8831,0
8833,0
8834,0
8836,0
8837,0
8838,1
8839,0
8840,0
8842,0
8844,1
8845,1
8847,0
8848,1
8849,1
8850,0
8851,1
8853,1
8854,0
8856,1
8858,0
8859,1
8860,1
8862,0
8863,1
8864,1
8866,1
8867,1
8868,1
8869,1
8870,0
8871,1
8872,1
8873,1
8874,0
8875,1
8876,1
8877,1
8878,0
8879,0
8880,0
8881,0
8882,1
8883,1
8884,0
8886,1
8887,0
8889,0
8890,0
8892,0
8893,1
8894,0
8895,1
8896,0
8897,0
8899,0
8900,0
8901,1
8903,1
8905,1
8906,0
8907,0
8908,1
8909,1
8910,0
8912,0
8913,0
8916,1
8917,0
8918,1
8919,1
8920,1
8921,1
8922,1
8923,1
8924,1
8925,1
8927,1
8928,1
8929,0
8931,1
8932,1
8934,0
8936,1
8937,0
8938,1
8939,0
8940,1
8941,0
8942,1
8944,1
8945,1
8946,1
8947,0
8949,1
8950,1
8951,0
8952,0
8953,0
8954,0
8955,1
8956,1
8957,0
8958,0
8959,1
8960,0
8961,1
8962,0
8964,0
8965,0
8966,1
8967,0
8968,1
8969,0
8970,1
8971,1
8972,0
8973,0
8974,1
8976,0
8977,0
8978,1
8982,1
8983,1
8984,0
8985,1
8986,1
8987,0
8989,1
8990,0
8993,1
8995,0
8996,1
8997,0
8998,1
9000,0
9001,1
9002,1
9003,1
9006,1
9008,1
9009,0
9010,0
9012,1
9013,1
9015,1
9016,0
9017,0
9018,0
9019,0
9020,0
9021,0
9024,0
9025,0
9027,0
9028,0
9029,1
9031,1
9032,1
9033,1
9034,1
9035,1
9036,0
9037,1
9038,0
9039,1
9040,0
9041,0
9042,0
9043,1
9044,1
9045,1
9046,1
9047,1
9048,0
9050,1
9051,0
9052,1
9053,1
9054,0
9055,1
9056,1
9057,1
9058,0
9059,0
9060,1
9061,0
9062,0
9063,1
9064,0
9065,0
9066,0
9067,1
9069,0
9070,0
9071,0
9072,1
9073,1
9074,1
9075,1
9076,0
9077,0
9078,1
9079,0
9081,1
9083,0
9084,1
9085,0
9087,0
9088,0
9089,1
9090,1
9091,0
9092,0
9093,1
9094,1
9095,0
9096,1
9097,0
9099,1
9100,1
9101,0
9103,1
9104,1
9105,1
9106,0
9108,1
9110,0
9111,0
9112,1
9113,1
9114,0
9115,0
9116,1
9117,0
9119,1
9120,1
9122,0
9123,0
9125,0
9126,0
9128,1
9129,1
9131,1
9132,1
9134,0
9135,0
9136,1
9138,0
9141,0
9142,0
9143,0
9144,0
9146,0
9147,1
9148,1
9149,1
9150,0
9152,0
9153,1
9154,0
9155,0
9157,1
9158,0
9159,1
9160,1
9161,0
9163,1
9164,0
9165,1
9166,1
9168,1
9170,1
9171,0
9172,1
9174,1
9175,1
9176,0
9177,0
9178,0
9179,1
9180,0
9181,1
9182,1
9183,1
9184,1
9185,0
9186,1
9187,1
9188,1
9191,1
9192,0
9193,0
9194,0
9195,1
9196,1
9197,0
9199,1
9200,0
9201,1
9202,0
9203,0
9204,0
9205,1
9206,0
9207,1
9209,0
9210,0
9211,0
9212,0
9213,0
9214,0
9215,0
9216,0
9221,1
9222,0
9223,0
9224,1
9225,1
9226,0
9227,0
9228,0
9229,1
9230,0
9231,0
9232,1
9233,0
9234,1
9235,1
9236,0
9237,0
9238,1
9239,1
9240,1
9242,1
9244,1
9245,0
9247,1
9248,0
9249,0
9250,1
9251,1
9252,0
9253,1
9254,0
9255,0
9256,1
9257,1
9258,1
9259,0
9260,0
9261,1
9262,1
9263,0
9264,0
9266,0
9267,0
9268,1
9269,1
9270,0
9271,0
9272,0
9273,0
9276,1
9277,0
9278,0
9281,0
9282,1
9283,0
9284,1
9285,0
9286,1
9287,0
9288,0
9289,0
9290,0
9293,0
9294,0
9295,0
9296,1
9297,1
9298,1
9299,1
9300,1
9301,0
9302,1
9303,0
9304,1
9305,0
9306,1
9307,0
9309,1
9311,0
9312,1
9314,1
9315,0
9317,1
9318,1
9319,1
9320,0
9321,0
9322,1
9323,0
9324,1
9325,0
9326,0
9327,1
9328,1
9330,1
9331,0
9332,0
9333,0
9334,1
9335,1
9337,1
9338,1
9339,0
9340,0
9341,0
9342,0
9343,0
9344,0
9347,1
9349,0
9350,0
9351,0
9352,0
9353,1
9354,0
9355,0
9356,0
9357,0
9358,1
9359,1
9360,1
9361,0
9362,0
9364,0
9365,0
9366,0
9367,1
9368,0
9369,1
9370,0
9371,1
9372,0
9374,1
9375,0
9376,1
9377,1
9378,1
9379,1
9380,1
9381,0
9384,0
9385,1
9386,1
9387,0
9388,1
9389,0
9390,0
9392,0
9393,0
9394,1
9395,1
9396,0
9397,1
9398,0
9399,1
9400,0
9401,1
9402,0
9403,0
9404,0
9405,1
9406,0
9408,1
9410,0
9411,0
9413,0
9415,0
9416,0
9417,1
9418,0
9420,0
9421,1
9423,1
9424,1
9425,0
9426,1
9427,1
9428,0
9429,0
9430,0
9431,1
9432,1
9433,1
9434,0
9437,0
9438,0
9439,1
9440,0
9441,1
9442,1
9443,1
9444,1
9445,1
9446,0
9447,0
9448,1
9449,0
9451,1
9452,0
9453,1
9455,0
9456,0
9458,0
9459,0
9460,0
9461,1
9462,0
9463,0
9464,1
9465,0
9466,0
9467,0
9468,1
9469,1
9470,0
9471,1
9472,1
9474,0
9475,0
9476,0
9477,0
9478,0
9479,1
9480,1
9481,1
9482,1
9483,0
9484,0
9485,0
9487,1
9489,1
9490,0
9492,1
9493,1
9494,1
9496,0
9497,1
9498,1
9499,1
9501,1
9502,1
9503,0
9504,1
9505,0
9506,1
9507,0
9508,1
9509,0
9510,0
9511,0
9512,1
9514,0
9516,1
9517,0
9518,0
9519,1
9520,1
9521,0
9523,0
9524,1
9526,0
9527,1
9528,1
9529,0
9530,0
9531,1
9533,1
9534,0
9536,1
9537,0
9538,0
9539,1
9540,1
9541,0
9542,1
9543,0
9544,1
9545,0
9546,0
9547,0
9549,1
9550,1
9551,1
9554,0
9555,0
9556,1
9557,0
9558,1
9559,0
9560,0
9561,0
9562,1
9563,1
9564,0
9566,1
9567,1
9568,0
9570,1
9571,1
9573,0
9574,1
9575,0
9576,0
9577,0
9579,0
9580,1
9581,0
9582,1
9583,1
9584,0
9585,0
9588,0
9589,1
9591,0
9592,0
9593,0
9594,1
9595,0
9596,1
9597,0
9599,1
9600,0
9601,0
9605,1
9606,1
9607,0
9608,0
9609,1
9610,1
9612,0
9613,0
9615,1
9616,1
9617,0
9618,1
9619,0
9620,1
9621,0
9622,0
9623,0
9624,1
9625,1
9626,1
9627,1
9628,1
9629,0
9630,0
9631,1
9632,1
9634,0
9635,1
9636,0
9637,0
9639,0
9640,0
9642,0
9643,1
9644,1
9645,0
9646,1
9647,1
9648,1
9649,0
9650,0
9651,0
9652,1
9653,0
9654,1
9655,0
9658,0
9660,0
9661,0
9662,0
9663,0
9665,0
9666,1
9667,1
9668,1
9669,1
9670,0
9671,1
9672,0
9673,1
9675,0
9676,1
9677,1
9678,1
9679,0
9680,1
9681,1
9682,1
9683,1
9685,0
9686,0
9687,1
9688,0
9689,0
9690,1
9691,0
9693,0
9694,0
9695,0
9696,0
9697,0
9698,0
9699,0
9700,0
9701,0
9702,0
9704,0
9705,0
9706,1
9707,1
9708,0
9709,1
9710,0
9711,0
9712,0
9713,1
9715,1
9717,1
9721,1
9722,1
9723,0
9724,0
9725,1
9729,0
9730,0
9731,0
9732,0
9734,0
9735,1
9737,1
9739,1
9740,0
9741,1
9742,0
9743,0
9744,1
9746,1
9747,0
9749,1
9750,0
9752,0
9753,0
9754,1
9755,0
9756,0
9757,1
9758,0
9759,0
9760,0
9761,1
9762,0
9763,1
9764,1
9765,0
9766,1
9767,1
9769,1
9771,1
9772,0
9773,0
9774,1
9775,1
9776,1
9777,0
9778,0
9779,0
9780,1
9781,0
9782,1
9783,0
9785,0
9786,0
9787,1
9790,0
9792,1
9793,1
9794,0
9795,1
9799,1
9800,0
9801,0
9802,0
9804,0
9805,0
9807,1
9808,1
9809,0
9810,0
9812,1
9813,0
9814,0
9815,1
9816,1
9817,0
9818,1
9819,1
9820,0
9821,1
9822,0
9823,1
9824,0
9825,0
9826,0
9827,1
9828,0
9829,0
9830,0
9831,1
9832,1
9833,1
9834,1
9835,0
9836,0
9837,1
9838,1
9840,1
9841,0
9842,1
9843,0
9845,0
9846,0
9847,1
9848,1
9849,1
9850,1
9851,0
9852,1
9853,1
9854,1
9855,0
9856,1
9857,0
9858,1
9859,0
9861,1
9862,1
9863,1
9864,0
9865,0
9866,1
9867,1
9868,1
9869,1
9870,0
9871,1
9875,0
9876,1
9878,0
9879,0
9880,0
9881,0
9882,0
9883,0
9884,1
9886,1
9887,0
9888,1
9889,0
9891,0
9892,1
9895,1
9898,0
9899,1
9900,1
9901,0
9904,1
9905,0
9906,0
9907,0
9908,0
9910,0
9911,1
9912,0
9913,1
9914,1
9915,1
9916,0
9917,1
9918,0
9919,0
9920,0
9921,1
9922,1
9923,1
9924,0
9925,0
9926,0
9927,0
9928,1
9929,0
9930,1
9931,1
9933,1
9934,1
9936,0
9937,0
9939,1
9941,1
9942,0
9943,0
9946,0
9947,0
9949,1
9950,1
9951,0
9954,0
9955,1
9956,0
9957,1
9958,0
9959,1
9960,0
9961,1
9962,0
9964,0
9965,0
9968,0
9969,0
9970,1
9971,0
9972,1
9974,1
9975,0
9976,0
9978,1
9979,1
9980,1
9981,1
9982,0
9983,0
9984,1
9985,0
9986,1
9988,1
9989,0
9990,0
9991,1
9992,1
9993,1
9994,0
9995,0
9997,0
9998,0
9999,1
10001,1
10002,0
10003,0
10005,0
10006,0
10007,1
10009,0
10010,1
10011,0
10012,0
10013,1
10014,0
10015,1
10016,0
10017,0
10018,0
10019,0
10020,0
10021,0
10022,1
10023,0
10024,0
10025,1
10026,0
10027,0
10028,1
10029,1
10031,1
10032,1
10033,1
10034,1
10035,0
10036,0
10038,1
10040,1
10041,1
10042,0
10044,1
10045,0
10046,1
10047,1
10048,1
10050,1
10052,1
10053,0
10054,0
10055,1
10056,1
10058,1
10059,0
10060,1
10061,1
10063,1
10064,1
10065,0
10068,1
10069,1
10070,0
10072,0
10074,0
10077,0
10078,0
10079,0
10080,1
10081,1
10083,0
10084,0
10085,0
10087,1
10088,0
10089,0
10091,1
10093,0
10094,0
10095,0
10098,1
10099,1
10100,0
10101,1
10102,0
10103,0
10104,1
10105,0
10106,1
10107,0
10108,1
10109,1
10112,0
10113,1
10114,0
10115,1
10116,0
10117,0
10118,0
10119,1
10120,0
10122,1
10123,0
10124,0
10126,0
10127,0
10128,1
10129,1
10131,1
10132,0
10134,0
10135,0
10136,0
10137,1
10138,0
10139,1
10140,0
10141,1
10142,1
10143,0
10144,0
10145,0
10146,1
10147,0
10148,1
10149,1
10150,0
10151,1
10152,1
10153,0
10154,1
10155,0
10158,0
10159,0
10161,0
10162,1
10163,1
10164,1
10165,0
10166,1
10168,1
10169,1
10170,0
10171,0
10172,0
10173,0
10174,1
10175,1
10176,0
10177,0
10178,1
10179,1
10180,1
10181,0
10182,1
10183,1
10184,0
10186,0
10188,1
10189,1
10190,0
10191,0
10192,1
10193,0
10194,1
10195,0
10197,0
10199,1
10200,0
10201,1
10202,1
10203,0
10204,1
10205,1
10206,0
10207,1
10209,1
10211,0
10212,1
10213,1
10214,0
10216,1
10217,1
10218,0
10219,0
10220,1
10221,0
10222,1
10223,0
10224,1
10225,0
10227,1
10229,1
10230,1
10231,0
10232,1
10233,0
10234,1
10235,1
10236,1
10237,0
10238,1
10239,0
10240,0
10242,0
10243,1
10245,0
10246,1
10247,0
10248,1
10249,0
10250,0
10251,0
10252,0
10254,0
10256,0
10257,0
10259,1
10262,0
10264,0
10265,1
10266,0
10267,0
10269,0
10270,0
10272,1
10274,0
10276,0
10277,0
10278,1
10279,1
10280,1
10281,0
10282,0
10283,0
10284,0
10285,1
10286,0
10287,1
10288,1
10289,0
10290,0
10291,0
10293,0
10294,0
10295,0
10296,0
10297,1
10298,1
10300,0
10302,1
10304,0
10305,0
10306,1
10307,0
10308,1
10309,1
10310,1
10311,0
10312,1
10313,0
10314,0
10317,0
10318,1
10320,0
10321,0
10322,0
10324,1
10326,0
10327,0
10330,1
10331,0
10332,1
10334,1
10335,1
10336,1
10337,1
10338,0
10339,0
10340,1
10341,1
10342,0
10343,0
10344,1
10346,1
10347,1
10348,1
10349,1
10351,0
10352,1
10353,1
10354,0
10357,1
10358,0
10359,0
10360,0
10362,0
10363,1
10364,0
10365,1
10366,0
10367,0
10368,0
10370,0
10371,0
10372,0
10373,1
10374,1
10375,0
10376,0
10378,0
10379,1
10380,1
10382,0
10385,1
10386,0
10387,0
10389,0
10390,0
10391,1
10392,0
10393,0
10394,0
10395,0
10396,0
10397,1
10398,0
10399,0
10400,0
10401,0
10402,0
10403,0
10404,1
10405,1
10406,0
10407,1
10408,1
10409,0
10410,0
10411,0
10412,0
10413,0
10414,0
10415,1
10416,0
10418,1
10420,1
10422,0
10423,0
10425,1
10426,1
10427,0
10428,1
10429,1
10430,0
10431,1
10432,0
10433,1
10434,1
10435,0
10436,0
10437,0
10438,0
10439,0
10440,1
10441,1
10442,0
10443,0
10445,1
10446,1
10447,1
10448,1
10449,1
10450,1
10451,0
10453,0
10454,0
10455,0
10456,1
10457,1
10458,1
10460,0
10461,1
10462,0
10463,1
10464,0
10465,1
10469,0
10470,1
10471,0
10472,0
10473,1
10474,0
10475,0
10476,0
10477,0
10478,0
10479,1
10480,0
10481,1
10482,0
10483,0
10484,0
10485,0
10486,0
10487,0
10488,1
10490,0
10491,1
10492,1
10493,1
10494,1
10495,1
10496,1
10499,0
10500,1
10501,1
10502,0
10503,0
10504,1
10505,0
10506,0
10507,0
10508,1
10509,0
10510,0
10511,0
10513,1
10514,0
10515,0
10516,1
10517,0
10518,0
10519,0
10520,0
10521,1
10523,1
10524,0
10525,1
10526,1
10528,1
10529,0
10530,1
10531,1
10532,0
10533,1
10534,0
10535,1
10536,1
10537,0
10538,0
10539,0
10540,1
10542,0
10543,1
10545,0
10546,0
10549,1
10550,1
10551,1
10552,1
10554,1
10555,1
10556,0
10557,0
10558,1
10560,1
10561,0
10562,0
10563,0
10564,1
10565,0
10568,1
10569,0
10570,0
10571,1
10574,0
10576,0
10578,1
10579,1
10580,1
10582,0
10583,0
10584,0
10585,0
10586,0
10588,1
10589,1
10590,1
10591,0
10592,1
10593,0
10594,1
10595,0
10597,1
10598,0
10599,0
10601,1
10602,0
10603,1
10605,0
10607,1
10608,0
10609,0
10611,1
10612,0
10613,0
10614,1
10616,1
10617,0
10619,0
10621,1
10623,1
10624,0
10625,0
10627,1
10628,1
10629,0
10630,1
10631,1
10632,0
10633,0
10635,0
10636,0
10637,0
10638,0
10639,1
10640,0
10641,0
10642,0
10644,1
10645,1
10646,0
10647,1
10648,0
10650,0
10651,1
10652,0
10653,0
10654,0
10655,1
10656,0
10657,1
10659,1
10660,0
10661,1
10662,0
10663,0
10664,0
10666,0
10667,0
10668,1
10669,0
10670,0
10671,0
10672,0
10674,0
10675,1
10676,1
10677,1
10678,0
10679,0
10680,0
10681,0
10682,1
10683,1
10684,1
10685,1
10686,1
10687,0
10689,1
10690,0
10691,1
10692,1
10694,1
10695,0
10696,1
10698,0
10699,1
10700,1
10702,1
10703,1
10704,0
10705,1
10706,0
10707,1
10708,0
10709,1
10711,1
10712,1
10713,1
10714,0
10715,1
10717,1
10718,0
10719,0
10720,0
10721,0
10723,0
10724,1
10726,1
10727,0
10728,0
10729,1
10730,0
10732,1
10733,0
10734,1
10735,0
10736,1
10737,1
10738,0
10739,1
10740,1
10741,0
10742,0
10743,1
10744,1
10745,1
10747,0
10749,1
10750,0
10751,0
10752,0
10753,1
10754,0
10755,0
10756,0
10757,1
10758,1
10759,1
10760,1
10761,0
10762,0
10764,0
10765,0
10767,1
10768,0
10770,0
10771,1
10772,0
10774,0
10775,0
10776,0
10777,0
10779,0
10780,1
10781,1
10782,1
10783,0
10784,0
10785,1
10786,0
10787,0
10788,1
10790,1
10791,0
10792,1
10793,0
10794,0
10795,0
10796,0
10797,1
10799,1
10801,0
10802,0
10803,0
10804,1
10805,1
10808,0
10809,0
10811,0
10812,0
10813,0
10814,0
10815,1
10816,0
10817,1
10818,1
10819,1
10820,1
10821,1
10822,0
10823,1
10824,1
10826,1
10827,0
10828,1
10829,1
10830,1
10831,0
10832,0
10833,0
10834,1
10836,0
10837,1
10838,0
10839,1
10840,0
10842,1
10843,0
10845,1
10846,0
10847,1
10848,0
10849,0
10850,1
10851,1
10852,0
10853,1
10854,0
10855,0
10856,0
10857,1
10858,1
10859,0
10861,1
10862,0
10864,0
10866,1
10867,0
10868,0
10869,1
10870,0
10872,1
10873,0
10874,0
10875,1
10876,0
10877,1
10878,0
10879,0
10882,1
10883,0
10884,0
10885,1
10886,1
10887,1
10888,1
10889,1
10890,0
10891,0
10892,1
10893,1
10894,0
10898,0
10899,0
10900,0
10901,0
10902,0
10903,1
10904,1
10906,0
10907,1
10909,1
10912,1
10913,0
10914,1
10915,0
10916,1
10917,0
10919,1
10920,1
10921,0
10922,1
10923,1
10924,1
10926,0
10928,1
10929,1
10930,1
10931,0
10933,0
10934,1
10935,0
10936,0
10937,0
10938,0
10939,0
10940,1
10941,1
10942,0
10943,1
10944,0
10946,0
10947,1
10948,1
10949,1
10950,0
10951,0
10952,0
10954,1
10955,0
10956,1
10957,0
10958,0
10959,1
10960,1
10962,0
10963,0
10964,0
10965,0
10966,0
10967,0
10968,1
10969,0
10970,0
10971,1
10972,1
10973,1
10974,1
10975,0
10977,1
10978,1
10979,1
10980,0
10981,1
10982,0
10983,0
10984,1
10985,0
10986,1
10987,1
10988,1
10990,1
10991,1
10992,0
10993,0
10994,1
10995,0
10996,0
10997,0
10998,1
10999,1
11000,0
11001,1
11002,1
11003,0
11004,0
11005,0
11006,0
11007,0
11008,0
11009,1
11010,0
11011,0
11012,0
11013,0
11016,1
11017,0
11018,0
11019,1
11020,1
11021,0
11022,0
11023,1
11025,1
11026,1
11028,1
11029,1
11030,1
11031,1
11032,1
11033,0
11035,0
11036,0
11038,1
11039,0
11040,1
11041,0
11042,1
11043,0
11044,1
11045,0
11046,0
11047,0
11049,0
11050,0
11051,1
11052,1
11053,0
11054,1
11055,1
11056,1
11057,0
11058,0
11059,0
11060,1
11061,1
11063,0
11064,0
11065,1
11066,0
11067,1
11068,0
11069,1
11070,0
11071,1
11072,1
11073,1
11074,0
11075,1
11077,0
11078,1
11079,0
11080,0
11081,0
11082,1
11083,1
11084,1
11085,0
11086,1
11087,0
11088,1
11089,0
11090,1
11091,1
11092,1
11093,0
11094,0
11096,0
11097,1
11098,0
11099,0
11100,0
11101,1
11103,0
11104,1
11105,1
11106,1
11107,1
11108,1
11109,0
11110,1
11111,0
11112,0
11113,1
11114,1
11115,0
11117,0
11118,1
11119,0
11120,0
11121,1
11122,1
11124,0
11125,0
11126,0
11127,1
11128,1
11129,1
11130,1
11132,0
11133,0
11134,0
11135,0
11136,1
11137,1
11138,1
11140,0
11141,0
11142,0
11143,0
11144,1
11145,1
11146,0
11147,1
11148,0
11149,1
11150,0
11151,0
11153,1
11154,0
11155,1
11156,1
11157,0
11158,0
11160,1
11161,0
11162,0
11163,1
11165,1
11166,1
11168,1
11169,0
11170,0
11171,1
11172,1
11173,0
11174,1
11175,1
11177,1
11178,0
11179,0
11180,1
11181,0
11182,0
11183,1
11184,1
11185,0
11186,1
11187,0
11188,0
11189,1
11190,1
11191,1
11192,0
11195,1
11196,0
11197,1
11198,0
11199,1
11200,1
11201,1
11203,0
11204,1
11205,0
11206,1
11209,1
11210,1
11211,0
11212,1
11213,0
11214,0
11215,1
11216,0
11219,0
11220,0
11222,1
11223,0
11226,0
11227,1
11228,0
11230,0
11231,0
11232,1
11233,1
11235,0
11236,0
11237,0
11238,1
11239,0
11240,0
11243,0
11244,0
11245,0
11246,1
11247,1
11248,0
11249,0
11250,1
11251,1
11252,0
11253,1
11255,1
11256,1
11257,0
11258,0
11259,0
11260,0
11261,1
11262,1
11263,1
11264,1
11266,1
11267,0
11268,1
11269,0
11271,1
11272,0
11276,1
11277,0
11279,1
11280,0
11282,0
11283,0
11284,1
11285,1
11287,0
11288,0
11289,1
11290,1
11292,1
11294,0
11295,1
11296,1
11297,0
11298,0
11299,0
11300,0
11303,1
11306,0
11307,1
11308,0
11309,0
11310,1
11311,0
11313,1
11316,1
11317,1
11318,0
11319,0
11320,0
11321,0
11323,1
11324,0
11325,1
11326,0
11327,1
11328,0
11331,1
11333,0
11334,0
11335,0
11336,0
11338,0
11339,0
11340,0
11341,1
11342,1
11343,1
11345,1
11346,1
11347,0
11348,0
11349,0
11350,0
11351,0
11352,1
11353,0
11354,1
11355,0
11356,1
11357,0
11358,0
11360,0
11361,0
11362,0
11363,0
11364,1
11365,0
11366,1
11367,0
11368,0
11369,1
11370,0
11371,1
11372,1
11373,0
11374,1
11375,0
11376,0
11377,0
11378,0
11379,1
11380,1
11381,0
11383,1
11384,1
11385,1
11387,0
11388,0
11389,0
11390,0
11391,1
11393,1
11394,1
11395,0
11396,0
11397,0
11398,0
11399,0
11400,1
11401,0
11402,1
11403,0
11404,0
11405,1
11407,1
11408,1
11409,0
11410,0
11411,0
11412,0
11413,0
11414,0
11415,1
11416,0
11417,0
11418,0
11419,0
11420,0
11421,0
11422,1
11423,0
11424,0
11425,0
11427,0
11428,0
11429,1
11430,0
11432,0
11433,1
11434,0
11435,1
11437,1
11438,0
11439,1
11440,1
11441,1
11442,1
11444,1
11445,1
11446,0
11447,1
11448,0
11449,1
11450,0
11451,0
11452,1
11453,1
11454,1
11455,1
11456,0
11458,0
11459,0
11462,1
11463,0
11464,1
11465,1
11466,1
11467,1
11468,0
11469,0
11470,1
11471,1
11473,1
11474,0
11475,1
11476,0
11477,1
11478,1
11479,0
11480,1
11481,1
11482,0
11483,0
11484,0
11485,0
11486,0
11487,0
11489,1
11490,1
11491,0
11492,1
11493,0
11494,1
11495,1
11496,1
11497,0
11499,0
11500,0
11502,0
11503,1
11504,1
11505,0
11506,1
11507,0
11508,0
11509,1
11510,1
11511,0
11514,0
11515,1
11516,1
11518,0
11520,0
11522,0
11523,0
11524,0
11525,1
11526,1
11527,1
11528,0
11529,0
11531,1
11532,1
11533,1
11535,1
11536,0
11537,1
11538,1
11539,0
11541,1
11543,1
11544,1
11546,1
11547,0
11548,1
11550,1
11551,1
11552,1
11553,0
11554,0
11555,1
11556,0
11557,1
11558,1
11559,1
11561,1
11563,1
11564,0
11565,0
11567,1
11568,1
11569,0
11571,0
11572,0
11573,1
11574,1
11575,0
11576,0
11577,0
11578,1
11579,1
11580,0
11581,1
11582,0
11583,1
11584,0
11585,1
11586,0
11587,1
11591,1
11592,1
11593,1
11594,0
11595,0
11598,1
11600,1
11601,1
11602,1
11603,0
11604,1
11605,1
11606,1
11607,1
11608,0
11609,1
11610,1
11611,0
11612,1
11613,1
11615,0
11616,1
11617,0
11618,1
11620,0
11621,1
11622,1
11624,1
11626,1
11627,0
11628,0
11629,1
11631,0
11633,0
11634,1
11635,0
11636,1
11639,0
11640,1
11641,1
11642,1
11643,0
11645,0
11646,0
11647,0
11648,0
11649,0
11650,0
11651,1
11652,1
11653,0
11654,1
11655,0
11656,1
11657,0
11658,0
11660,0
11661,0
11662,1
11663,0
11664,1
11665,1
11666,1
11667,0
11668,0
11669,0
11670,1
11671,0
11672,0
11673,0
11674,1
11676,0
11677,1
11678,1
11679,1
11680,1
11681,0
11683,1
11684,1
11685,1
11686,1
11687,1
11689,1
11690,0
11691,0
11692,1
11693,1
11694,0
11695,0
11696,1
11697,1
11698,0
11699,1
11700,0
11701,1
11702,1
11703,1
11704,0
11705,0
11706,1
11707,1
11708,0
11710,1
11712,1
11713,0
11714,0
11715,1
11716,0
11717,1
11718,0
11720,1
11721,1
11722,0
11723,1
11724,1
11725,0
11726,0
11727,1
11728,1
11729,0
11730,0
11731,1
11732,0
11733,1
11735,0
11736,0
11738,0
11739,1
11740,1
11741,0
11742,0
11743,0
11744,0
11745,1
11746,1
11747,1
11749,1
11750,1
11751,0
11752,0
11753,1
11754,1
11755,0
11756,0
11757,1
11758,1
11761,0
11762,0
11763,0
11764,0
11765,1
11766,1
11767,1
11768,1
11769,1
11770,1
11771,0
11772,0
11773,1
11774,1
11775,0
11776,0
11778,1
11779,0
11780,1
11782,1
11783,1
11784,1
11785,0
11786,0
11787,0
11788,1
11790,0
11791,0
11792,0
11793,0
11794,1
11795,0
11796,1
11798,1
11799,1
11800,1
11801,0
11802,1
11803,0
11804,1
11805,0
11806,1
11807,1
11808,1
11809,0
11811,0
11812,0
11813,1
11814,1
11815,1
11816,1
11817,1
11818,1
11820,0
11821,0
11822,1
11823,0
11824,0
11828,0
11830,1
11831,0
11832,1
11833,1
11834,0
11835,0
11836,1
11837,0
11839,0
11840,0
11841,1
11843,1
11844,0
11845,0
11846,1
11847,0
11848,1
11849,1
11850,1
11851,0
11853,1
11854,1
11855,1
11856,1
11857,0
11858,1
11859,0
11860,1
11861,0
11862,1
11863,1
11865,0
11866,1
11867,0
11868,0
11871,1
11872,0
11873,0
11875,0
11876,0
11877,0
11878,0
11879,0
11880,1
11881,0
11882,1
11883,1
11884,1
11885,1
11887,1
11888,1
11889,0
11890,1
11891,0
11892,0
11893,0
11894,0
11896,1
11897,0
11898,1
11899,0
11901,1
11902,1
11903,0
11904,0
11906,1
11907,0
11908,0
11909,1
11911,1
11912,0
11913,0
11914,0
11915,0
11916,0
11917,1
11918,1
11919,1
11920,1
11921,1
11922,1
11923,1
11924,0
11925,0
11926,0
11927,1
11928,1
11929,1
11930,0
11931,0
11932,0
11934,0
11935,0
11936,1
11937,0
11938,1
11939,0
11941,1
11942,0
11943,0
11945,0
11947,1
11948,0
11949,1
11951,1
11952,1
11953,0
11954,1
11955,0
11956,1
11957,1
11958,0
11959,0
11960,0
11961,0
11963,0
11964,1
11965,0
11966,1
11969,1
11970,0
11971,1
11972,1
11974,1
11975,1
11978,1
11979,1
11980,0
11981,1
11982,0
11983,1
11984,0
11985,1
11986,0
11987,0
11988,0
11990,0
11991,1
11993,0
11994,0
11995,0
11996,0
11997,1
11998,1
11999,0
12000,0
12001,0
12002,0
12003,0
12004,0
12005,0
12006,0
12007,1
12008,0
12009,1
12010,1
12011,0
12012,0
12013,1
12014,1
12015,1
12016,0
12018,0
12019,1
12020,0
12022,0
12023,0
12024,1
12025,0
12026,1
12027,0
12029,1
12030,0
12031,0
12033,1
12034,0
12035,1
12036,1
12037,0
12038,1
12041,1
12042,0
12044,0
12045,0
12046,1
12047,0
12048,1
12049,1
12050,0
12051,0
12052,0
12053,1
12054,0
12055,0
12056,0
12057,0
12059,0
12060,0
12063,0
12064,1
12068,0
12069,0
12070,0
12071,0
12072,1
12073,0
12074,1
12075,1
12076,0
12077,0
12079,1
12080,0
12081,1
12082,0
12083,1
12084,0
12086,1
12087,1
12088,0
12089,1
12090,1
12091,1
12093,0
12094,1
12095,0
12096,0
12097,1
12098,0
12099,0
12101,1
12102,1
12103,1
12106,1
12107,0
12108,1
12109,0
12110,0
12111,1
12112,0
12113,0
12114,1
12115,1
12117,1
12118,0
12119,0
12120,1
12121,0
12122,1
12123,0
12124,1
12125,1
12127,1
12129,1
12130,1
12131,0
12132,0
12133,0
12134,0
12135,0
12136,1
12137,1
12138,1
12139,0
12140,1
12141,0
12142,1
12143,0
12144,0
12146,0
12147,1
12148,1
12149,0
12151,1
12152,0
12153,1
12156,1
12157,1
12159,1
12160,0
12161,1
12162,1
12163,0
12164,1
12166,0
12167,1
12168,0
12169,0
12171,0
12172,1
12173,0
12175,0
12176,0
12177,1
12178,1
12179,1
12180,0
12181,1
12182,1
12183,1
12184,0
12185,0
12186,0
12187,0
12188,1
12189,1
12190,0
12191,0
12193,0
12194,1
12195,0
12196,1
12197,1
12198,0
12199,0
12202,0
12203,0
12204,0
12205,0
12206,1
12207,1
12208,1
12209,1
12210,1
12211,0
12212,1
12213,1
12214,0
12215,1
12216,0
12217,0
12218,0
12219,0
12220,0
12221,1
12222,1
12223,0
12224,0
12225,0
12226,0
12227,0
12228,1
12230,1
12231,1
12232,0
12234,1
12235,1
12236,1
12237,0
12239,1
12240,1
12244,0
12245,1
12246,0
12247,0
12248,0
12250,1
12251,1
12252,0
12253,0
12254,1
12255,0
12256,0
12257,0
12258,0
12259,0
12260,1
12262,0
12263,0
12264,0
12265,1
12266,1
12267,1
12268,1
12269,0
12270,1
12271,1
12272,0
12273,1
12274,1
12278,0
12279,0
12280,1
12281,0
12283,1
12284,1
12285,0
12286,1
12288,0
12289,1
12290,0
12291,0
12292,0
12293,0
12295,0
12296,0
12297,1
12300,0
12301,1
12302,0
12303,0
12304,1
12306,1
12307,1
12308,0
12310,1
12311,0
12313,0
12314,0
12316,0
12317,0
12318,1
12319,0
12320,0
12321,1
12322,0
12323,0
12324,0
12325,1
12328,1
12330,1
12331,1
12332,0
12333,1
12334,0
12335,0
12337,1
12340,0
12341,0
12343,0
12344,0
12346,1
12347,0
12348,1
12349,0
12351,0
12353,1
12354,0
12356,0
12357,0
12358,0
12359,0
12360,0
12361,1
12363,1
12364,1
12365,1
12366,1
12367,1
12368,1
12369,0
12370,0
12371,1
12372,1
12374,0
12376,1
12377,0
12378,0
12379,0
12380,1
12381,0
12382,0
12383,0
12384,1
12385,0
12386,1
12388,0
12390,1
12391,0
12392,1
12393,0
12394,1
12395,0
12396,1
12397,0
12398,1
12399,0
12400,1
12401,1
12405,1
12407,0
12409,1
12410,0
12411,1
12412,1
12413,0
12414,1
12415,0
12416,0
12417,0
12418,0
12419,1
12420,1
12421,1
12422,0
12423,0
12425,0
12427,1
12428,0
12429,0
12430,0
12431,1
12432,0
12433,1
12435,0
12436,1
12437,0
12438,0
12439,0
12440,1
12441,1
12442,1
12443,0
12444,0
12446,0
12447,1
12448,1
12449,0
12450,0
12451,0
12452,0
12453,1
12455,0
12456,0
12458,0
12459,1
12460,0
12461,0
12462,0
12463,0
12464,1
12465,0
12466,1
12467,1
12468,1
12469,0
12471,1
12473,0
12474,1
12475,0
12476,1
12477,0
12478,1
12479,1
12482,1
12483,1
12484,0
12485,0
12486,1
12487,0
12488,1
12489,0
12490,0
12491,0
12492,1
12493,1
12495,1
12496,1
12497,1
12499,1
12500,0
12501,0
12502,0
12503,0
12504,1
12505,0
12506,1
12507,0
12509,0
12513,0
12514,1
12515,1
12516,1
12517,1
12518,1
12519,0
12520,0
12521,0
12522,0
12523,0
12524,1
12525,1
12526,1
12527,1
12528,0
12529,1
12531,0
12532,0
12534,1
12535,0
12537,0
12538,0
12539,1
12540,1
12541,0
12542,1
12543,0
12544,1
12545,1
12546,0
12547,0
12548,1
12551,1
12553,0
12554,1
12555,0
12556,0
12557,0
12558,0
12561,0
12562,0
12564,0
12565,1
12567,1
12568,0
12569,1
12570,0
12571,0
12572,1
12574,0
12575,0
12576,0
12578,0
12579,0
12580,1
12581,0
12582,0
12583,0
12584,1
12585,1
12586,1
12587,0
12588,0
12589,0
12590,1
12591,0
12592,0
12593,1
12594,1
12595,0
12596,1
12597,0
12598,0
12599,0
12600,1
12601,1
12602,1
12604,0
12605,0
12606,0
12607,1
12608,1
12609,0
12610,0
12611,1
12612,0
12614,1
12615,0
12616,1
12617,0
12618,1
12619,0
12621,1
12623,0
12624,0
12625,0
12626,0
12628,1
12629,0
12630,0
12632,1
12634,1
12635,1
12637,0
12638,0
12639,0
12640,1
12642,0
12643,0
12644,1
12645,0
12646,0
12647,1
12649,1
12650,0
12652,1
12653,0
12654,0
12655,0
12656,1
12657,1
12659,0
12660,0
12661,0
12662,1
12663,0
12664,1
12665,0
12666,0
12668,0
12669,0
12670,0
12671,0
12674,0
12675,0
12676,1
12677,0
12678,1
12679,1
12680,0
12681,0
12682,0
12683,1
12684,0
12685,0
12689,0
12690,1
12694,1
12695,1
12696,1
12697,1
12698,0
12699,1
12700,1
12701,0
12702,0
12703,0
12704,0
12705,0
12709,1
12710,1
12711,1
12712,0
12713,0
12714,0
12716,0
12717,1
12718,1
12720,0
12721,1
12723,1
12724,0
12725,1
12726,0
12727,1
12728,1
12729,0
12730,1
12731,0
12734,0
12736,0
12738,1
12740,1
12741,1
12742,0
12743,0
12744,0
12745,0
12746,0
12747,0
12748,0
12749,1
12750,1
12751,0
12752,1
12753,1
12756,1
12757,0
12758,1
12759,0
12762,0
12763,0
12764,1
12765,1
12766,1
12767,0
12769,0
12771,1
12772,0
12773,0
12774,0
12776,0
12779,0
12780,1
12781,0
12783,0
12784,0
12785,1
12786,0
12787,1
12789,0
12790,1
12791,0
12792,0
12794,0
12795,0
12797,0
12798,0
12799,0
12800,0
12801,1
12802,1
12803,1
12804,0
12806,1
12807,0
12808,1
12810,0
12814,1
12815,1
12816,0
12817,1
12818,0
12820,1
12821,0
12823,0
12824,0
12825,1
12828,0
12829,0
12830,0
12831,0
12832,1
12833,1
12836,0
12837,1
12838,0
12839,0
12841,1
12842,1
12843,0
12844,1
12845,0
12849,0
12852,0
12854,0
12855,0
12856,0
12857,1
12859,0
12861,1
12862,0
12864,0
12865,1
12866,1
12867,0
12868,0
12869,1
12870,0
12871,0
12872,1
12873,1
12874,0
12875,0
12876,1
12878,0
12879,1
12880,0
12881,0
12882,1
12883,0
12884,0
12885,1
12886,1
12887,1
12888,0
12889,0
12890,1
12892,1
12893,1
12894,0
12895,1
12896,0
12897,1
12898,0
12899,1
12900,1
12901,0
12903,0
12904,1
12905,0
12906,1
12907,0
12908,0
12909,1
12910,1
12911,0
12912,1
12914,0
12915,1
12916,0
12917,1
12919,0
12920,1
12921,0
12922,1
12923,0
12924,0
12925,0
12926,1
12927,1
12928,0
12929,0
12930,1
12931,0
12932,0
12933,0
12934,0
12935,1
12936,1
12937,1
12938,1
12940,1
12942,0
12943,0
12944,1
12946,0
12947,0
12949,0
12950,1
12951,1
12953,0
12954,0
12956,1
12958,1
12959,0
12960,0
12962,1
12963,0
12964,0
12965,0
12966,1
12969,0
12971,0
12972,1
12973,1
12974,0
12975,1
12976,0
12977,0
12978,1
12979,1
12980,0
12981,1
12982,1
12983,1
12984,1
12987,0
12988,1
12989,0
12991,0
12992,1
12993,0
12994,1
